No.,Title,TimeStamp
1,<a href="http://knowledgevault.saecanet.com/charts/am-consulting.co.jp-PrincipalFiguresOfFinancialInstitutionsInJapan.html" target="_blank">貸出・預金動向 速報:日本</a>,2017-06-08 11:49:37
2,<a href="http://knowledgevault.saecanet.com/charts/am-consulting.co.jp-IndexWeights.html" target="_blank">各種指数のウエイト</a>,2017-06-07 21:46:51
3,<a href="http://knowledgevault.saecanet.com/charts/am-consulting.co.jp-ConsumptionActivityIndex.html" target="_blank">消費活動指数:日本</a>,2017-06-07 21:38:24
4,<a href="http://knowledgevault.saecanet.com/charts/am-consulting.co.jp-BusinessConditionsIndividualIndicator.html" target="_blank">景気動向指数:個別系列の数値:日本</a>,2017-06-07 16:41:13
5,<a href="http://knowledgevault.saecanet.com/charts/am-consulting.co.jp-BusinessConditions.html" target="_blank">景気動向指数:日本</a>,2017-06-07 16:33:23
6,<a href="http://knowledgevault.saecanet.com/charts/am-consulting.co.jp-GeneralAccountBudget.html" target="_blank">一般会計歳入歳出予算</a>,2017-06-07 15:33:30
7,<a href="http://knowledgevault.saecanet.com/charts/am-consulting.co.jp-internationalReservesOfJapan.html" target="_blank">外貨準備高:日本</a>,2017-06-07 10:27:47
8,<a href="http://knowledgevault.saecanet.com/charts/am-consulting.co.jp-JOLTs.html" target="_blank">Job Openings and Labor Turnover</a>,2017-06-07 00:41:03
9,<a href="http://knowledgevault.saecanet.com/charts/am-consulting.co.jp-OECD-UnemploymentRate.html" target="_blank">OECD 失業率</a>,2017-06-06 15:04:36
10,<a href="http://knowledgevault.saecanet.com/charts/am-consulting.co.jp-QuantitativeAnalysisForBitcoin.html" target="_blank">Quantitative analysis of Bitcoin/ビットコインの計量分析</a>,2017-06-06 14:02:20
11,<a href="http://knowledgevault.saecanet.com/charts/am-consulting.co.jp-structuralUnemployment.html" target="_blank">雇用失業率、欠員率:日本</a>,2017-06-06 13:31:15
12,<a href="http://knowledgevault.saecanet.com/charts/am-consulting.co.jp-SubsidiesForPrivateUniversities.html" target="_blank">私立大学等経常費補助金 学校別交付額一覧</a>,2017-06-05 22:19:59
13,<a href="http://knowledgevault.saecanet.com/charts/am-consulting.co.jp-JGBheldByBOJ.html" target="_blank">日本銀行が保有する国債の銘柄別残高</a>,2017-06-05 13:40:57
14,<a href="http://knowledgevault.saecanet.com/charts/am-consulting.co.jp-OECDSharePricesIndex.html" target="_blank">OECD株価指数/OECD Share Prices Index</a>,2017-06-05 12:44:12
15,<a href="http://knowledgevault.saecanet.com/charts/am-consulting.co.jp-MovementOfFinancialIndicesBeforeJudgmentDay.html" target="_blank">審判の日/リーマンショック前後における金融指標の動き</a>,2017-06-05 12:20:40
16,<a href="http://knowledgevault.saecanet.com/charts/am-consulting.co.jp-EmploymentSituationByIndustry.html" target="_blank">Employment Situation By Industry In USA</a>,2017-06-05 11:17:29
17,<a href="http://knowledgevault.saecanet.com/charts/am-consulting.co.jp-USWeeklyLeadingIndex.html" target="_blank">U.S. Weekly Leading Index(weekly)</a>,2017-06-03 23:01:38
18,<a href="http://knowledgevault.saecanet.com/charts/am-consulting.co.jp-CFTChistoricalData.html" target="_blank">CFTC Historical Data:Futures Only Reports</a>,2017-06-03 22:58:47
19,<a href="http://knowledgevault.saecanet.com/charts/am-consulting.co.jp-NorthAmericaRigCount.html" target="_blank">北米ロータリー・リグカウント 石油とガス</a>,2017-06-03 22:47:22
20,<a href="http://knowledgevault.saecanet.com/charts/am-consulting.co.jp-CFTC.html" target="_blank">IMM･CFTC投機筋ポジション</a>,2017-06-03 22:44:41
21,<a href="http://knowledgevault.saecanet.com/charts/am-consulting.co.jp-monetaryBase.html" target="_blank">日本と米国のマネタリーベース</a>,2017-06-02 20:43:09
22,<a href="http://knowledgevault.saecanet.com/charts/am-consulting.co.jp-CurrentPopulationSurvey.html" target="_blank">人口動態統計:出生数、合計特殊出生率</a>,2017-06-02 19:51:59
23,<a href="http://knowledgevault.saecanet.com/charts/am-consulting.co.jp-BankOfJapanAccounts.html" target="_blank">日本銀行営業毎旬報告</a>,2017-06-02 15:55:02
24,<a href="http://knowledgevault.saecanet.com/charts/am-consulting.co.jp-CO2Emissions.html" target="_blank">-パリ協定離脱-燃料燃焼による二酸化炭素排出</a>,2017-06-02 15:13:16
25,<a href="http://knowledgevault.saecanet.com/charts/am-consulting.co.jp-ADPvsDOL.html" target="_blank">ADP雇用統計と米国労働省雇用統計の比較</a>,2017-06-01 22:18:08
26,<a href="http://knowledgevault.saecanet.com/charts/am-consulting.co.jp-JobOfferByTermsOfOccupationalCategories.html" target="_blank">職業別有効求人倍率(パートタイムを除く常用)</a>,2017-06-01 17:45:49
27,<a href="http://knowledgevault.saecanet.com/charts/am-consulting.co.jp-LatestGDPNow.html" target="_blank">直近のGDPNow</a>,2017-06-01 15:15:03
28,<a href="http://knowledgevault.saecanet.com/charts/am-consulting.co.jp-equitySecurities.html" target="_blank">株式関連月次統計情報:市場別時価総額、株式平均利回り、PER･PBRおよび日経平均株価:日本</a>,2017-06-01 15:08:26
29,<a href="http://knowledgevault.saecanet.com/charts/am-consulting.co.jp-ComparisonWithMonetaryBase.html" target="_blank">マネタリーベースとの比較</a>,2017-06-01 14:37:54
30,<a href="http://knowledgevault.saecanet.com/charts/am-consulting.co.jp-FinancialStatementsStatisticsOfCorporationsByIndustry.html" target="_blank">法人企業統計:日本</a>,2017-06-01 13:10:20
31,<a href="http://knowledgevault.saecanet.com/charts/am-consulting.co.jp-foreignExchangeIntervention.html" target="_blank">外国為替平衡操作の実施状況(月次ベース):日本</a>,2017-05-31 23:48:22
32,<a href="http://knowledgevault.saecanet.com/charts/am-consulting.co.jp-LOBOCI.html" target="_blank">商工会議所LOBO調査(早期景気観測)</a>,2017-05-31 22:01:40
33,<a href="http://knowledgevault.saecanet.com/charts/am-consulting.co.jp-SalesByIndustryOfBusinessActivity.html" target="_blank">サービス産業動向調査</a>,2017-05-31 17:09:44
34,<a href="http://knowledgevault.saecanet.com/charts/am-consulting.co.jp-ConstructionStatistics.html" target="_blank">新設住宅着工:日本</a>,2017-05-31 16:02:45
35,<a href="http://knowledgevault.saecanet.com/charts/am-consulting.co.jp-DepositsByPrefecture.html" target="_blank">都道府県別預金・現金・貸出金(国内銀行)</a>,2017-05-31 15:49:25
36,<a href="http://knowledgevault.saecanet.com/charts/am-consulting.co.jp-NEET.html" target="_blank">世界各国のニート率</a>,2017-05-30 23:14:06
37,<a href="http://knowledgevault.saecanet.com/charts/am-consulting.co.jp-PurchasesETFs.html" target="_blank">ETFおよびJ-REITの買入結果</a>,2017-05-30 19:13:38
38,<a href="http://knowledgevault.saecanet.com/charts/am-consulting.co.jp-measuresOfUnderlyingInflation.html" target="_blank">基調的なインフレ率を捕捉するための指標:日本</a>,2017-05-30 16:45:45
39,<a href="http://knowledgevault.saecanet.com/charts/am-consulting.co.jp-CrudeOilProduction.html" target="_blank"> 世界各国の産油量</a>,2017-05-30 15:30:40
40,<a href="http://knowledgevault.saecanet.com/charts/am-consulting.co.jp-CurrentSurveyOfCommerce.html" target="_blank">商業動態統計調査:百貨店・スーパー商品別販売額</a>,2017-05-30 13:45:41
41,<a href="http://knowledgevault.saecanet.com/charts/am-consulting.co.jp-ConsumptionSpending.html" target="_blank">家計調査(家計収支編)-1世帯当たり1か月間の支出-2人以上の世帯</a>,2017-05-30 13:22:56
42,<a href="http://knowledgevault.saecanet.com/charts/am-consulting.co.jp-applicationRatioInJapan.html" target="_blank">一般職業紹介状況:新規求人倍率、新規求人数、有効求人倍率、有効求人数:日本</a>,2017-05-30 13:04:14
43,<a href="http://knowledgevault.saecanet.com/charts/am-consulting.co.jp-LabourForceSurveyInJapan.html" target="_blank">労働力調査:日本</a>,2017-05-30 12:47:49
44,<a href="http://knowledgevault.saecanet.com/charts/am-consulting.co.jp-consumerpriceindexInJapan.html" target="_blank">消費者物価指数:日本</a>,2017-05-30 12:24:05
45,<a href="http://knowledgevault.saecanet.com/charts/am-consulting.co.jp-EarthquakesInAndAroundTheJapaneseArchipelago.html" target="_blank">日本列島周辺で発生した地震</a>,2017-05-29 14:44:49
46,<a href="http://knowledgevault.saecanet.com/charts/am-consulting.co.jp-NumberOfForeignWorker.html" target="_blank">外国人雇用事業所数及び外国人労働者数の推移</a>,2017-05-29 07:20:55
47,<a href="http://knowledgevault.saecanet.com/charts/am-consulting.co.jp-InternationalTradeBalance.html" target="_blank">日本の対外資産、対外負債および対外純資産</a>,2017-05-26 23:56:16
48,<a href="http://knowledgevault.saecanet.com/charts/am-consulting.co.jp-RetailPricesOfMajorItems.html" target="_blank">小売物価統計調査:主要品目の小売価格</a>,2017-05-26 16:35:08
49,<a href="http://knowledgevault.saecanet.com/charts/am-consulting.co.jp-CreditToTheNonfinancialSector.html" target="_blank">世界各国の非金融部門債務残高対国内総生産比</a>,2017-05-26 14:48:00
50,<a href="http://knowledgevault.saecanet.com/charts/am-consulting.co.jp-ServicesProducerPriceIndexInJapan.html" target="_blank">企業向けサービス価格指数:日本</a>,2017-05-26 10:26:58
51,<a href="http://knowledgevault.saecanet.com/charts/am-consulting.co.jp-DevelopmentsInRealExportsAndRealImports02.html" target="_blank">実質輸出入の動向:対アメリカ、EU、中国:日本</a>,2017-05-25 17:13:41
52,<a href="http://knowledgevault.saecanet.com/charts/am-consulting.co.jp-LaborSupplyAndDemand.html" target="_blank">建設労働需給調査: 建設技能労働者過不足率:日本</a>,2017-05-25 15:08:18
53,<a href="http://knowledgevault.saecanet.com/charts/am-consulting.co.jp-internationalTransactionsInSecurities.html" target="_blank">対外及び対内証券売買契約等の状況:日本</a>,2017-05-25 12:28:23
54,<a href="http://knowledgevault.saecanet.com/charts/am-consulting.co.jp-FlowOfFunds.html" target="_blank">資金循環統計</a>,2017-05-24 11:24:00
55,<a href="http://knowledgevault.saecanet.com/charts/am-consulting.co.jp-MonitoringList.html" target="_blank">米国為替報告書で監視の対象となった国のドルストレート為替レート</a>,2017-05-24 02:45:30
56,<a href="http://knowledgevault.saecanet.com/charts/am-consulting.co.jp-FinancialStressIndex.html" target="_blank">St. Louis Fed Financial Stress Index</a>,2017-05-24 02:30:39
57,<a href="http://knowledgevault.saecanet.com/charts/am-consulting.co.jp-IAA.html" target="_blank">全産業活動指数:日本</a>,2017-05-23 21:14:55
58,<a href="http://knowledgevault.saecanet.com/charts/am-consulting.co.jp-SurveyofSelectedServiceIndustries.html" target="_blank">特定サービス産業動態売上高指数:日本</a>,2017-05-23 14:45:00
59,<a href="http://knowledgevault.saecanet.com/charts/am-consulting.co.jp-DevelopmentsInRealExportsAndRealImports01.html" target="_blank">実質輸出入の動向:実質輸出、実質輸入:日本</a>,2017-05-23 12:13:45
60,<a href="http://knowledgevault.saecanet.com/charts/am-consulting.co.jp-monthlyLabourSurvey.html" target="_blank">毎月勤労統計調査 全国調査 実数原表:日本</a>,2017-05-23 11:45:50
61,<a href="http://knowledgevault.saecanet.com/charts/am-consulting.co.jp-MonthlyLabourSurveyInJapanCashEarnings.html" target="_blank">毎月勤労統計調査:月間現金給与額:日本</a>,2017-05-23 11:22:27
62,<a href="http://knowledgevault.saecanet.com/charts/am-consulting.co.jp-DemographicForecastProvisional.html" target="_blank">日本の人口推計(単位:千人、概算値)</a>,2017-05-22 16:01:27
63,<a href="http://knowledgevault.saecanet.com/charts/am-consulting.co.jp-politicalFunding2015.html" target="_blank">政治資金集計結果:対象年:2015年(データ出所:ラポール・ジャパン)</a>,2017-05-22 13:37:04
64,<a href="http://knowledgevault.saecanet.com/charts/am-consulting.co.jp-tradeStatistics.html" target="_blank">財務省貿易統計(速報):日本</a>,2017-05-22 10:18:18
65,<a href="http://knowledgevault.saecanet.com/charts/am-consulting.co.jp-tradeStatisticsOfJAPAN.html" target="_blank">財務省貿易統計:日本</a>,2017-05-22 09:58:08
66,<a href="http://knowledgevault.saecanet.com/charts/am-consulting.co.jp-NumberOfForeignVisitorsToJapan.html" target="_blank">国籍/月別 訪日外客数</a>,2017-05-19 18:24:24
67,<a href="http://knowledgevault.saecanet.com/charts/am-consulting.co.jp-GDPGapInJapan.html" target="_blank">GDPギャップ(内閣府版):日本</a>,2017-05-19 13:26:21
68,<a href="http://knowledgevault.saecanet.com/charts/am-consulting.co.jp-ConstructionCostDeflator.html" target="_blank">建設工事費デフレーター:日本</a>,2017-05-19 12:30:45
69,<a href="http://knowledgevault.saecanet.com/charts/am-consulting.co.jp-WarrenBuffettIndicatorJapan.html" target="_blank">Warren Buffett Indicator Of Japan/日本のバフェット指数</a>,2017-05-18 19:20:15
70,<a href="http://knowledgevault.saecanet.com/charts/am-consulting.co.jp-GDPofJapan.html" target="_blank">国内総生産:日本</a>,2017-05-18 14:34:25
71,<a href="http://knowledgevault.saecanet.com/charts/am-consulting.co.jp-EPU.html" target="_blank">Economic Policy Uncertainty Index</a>,2017-05-18 14:10:51
72,<a href="http://knowledgevault.saecanet.com/charts/am-consulting.co.jp-MonthlyProductiveCapacityAndOperatingRatio.html" target="_blank">製造工業生産能力・稼働率指数 季節調整済指数:日本</a>,2017-05-17 16:38:17
73,<a href="http://knowledgevault.saecanet.com/charts/am-consulting.co.jp-IMFPrimaryCommodityPrices.html" target="_blank">IMF Primary Commodity Prices</a>,2017-05-17 14:18:26
74,<a href="http://knowledgevault.saecanet.com/charts/am-consulting.co.jp-MachineryOrders.html" target="_blank">機械受注額:機種別機械受注額:日本</a>,2017-05-17 13:08:16
75,<a href="http://knowledgevault.saecanet.com/charts/am-consulting.co.jp-cabinetApprovalRating.html" target="_blank">内閣支持率:日本</a>,2017-05-16 14:17:24
76,<a href="http://knowledgevault.saecanet.com/charts/am-consulting.co.jp-MajorForeignHoldersUSTreasury.html" target="_blank">米国債保有額:日本、中国</a>,2017-05-16 11:09:23
77,<a href="http://knowledgevault.saecanet.com/charts/am-consulting.co.jp-ProducerPriceIndexInJapan.html" target="_blank">企業物価指数:日本</a>,2017-05-15 21:46:27
78,<a href="http://knowledgevault.saecanet.com/charts/am-consulting.co.jp-IndexYearlyVariation.html" target="_blank">Historical Data Of Financial Indices</a>,2017-05-15 17:24:17
79,<a href="http://knowledgevault.saecanet.com/charts/am-consulting.co.jp-ForeignExchangeRatesInTokyoMarket.html" target="_blank">外国為替市況:東京市場:ドル円、ユーロドル</a>,2017-05-12 21:21:51
80,<a href="http://knowledgevault.saecanet.com/charts/am-consulting.co.jp-moneyStockInJapan.html" target="_blank">マネーストックと信用乗数:M2、M3、広義流動性:日本</a>,2017-05-12 11:03:06
81,<a href="http://knowledgevault.saecanet.com/charts/am-consulting.co.jp-EconomyWatchersSurvey.html" target="_blank">景気ウォッチャー調査:日本</a>,2017-05-11 16:50:45
82,<a href="http://knowledgevault.saecanet.com/charts/am-consulting.co.jp-InternationalBalanceofPayments.html" target="_blank">国際収支:日本</a>,2017-05-11 15:53:38
83,<a href="http://knowledgevault.saecanet.com/charts/am-consulting.co.jp-intrusion.html" target="_blank">尖閣諸島接近状況統計分析</a>,2017-05-10 20:02:16
84,<a href="http://knowledgevault.saecanet.com/charts/am-consulting.co.jp-monthlyTradingVolumeAndValue.html" target="_blank">株式月間売買高･売買代金:日本</a>,2017-05-10 16:40:56
85,<a href="http://knowledgevault.saecanet.com/charts/am-consulting.co.jp-GovernmentDebts.html" target="_blank">国債及び借入金並びに政府保証債務現在高</a>,2017-05-10 16:26:07
86,<a href="http://knowledgevault.saecanet.com/charts/am-consulting.co.jp-CrudeSteelProductionOfMainCountries.html" target="_blank">主要国粗鋼生産</a>,2017-05-09 12:09:50
87,<a href="http://knowledgevault.saecanet.com/charts/am-consulting.co.jp-PPP.html" target="_blank">購買力平価米ドル円為替レート(出所:公益財団法人国際通貨研究所)</a>,2017-05-08 22:31:51
88,<a href="http://knowledgevault.saecanet.com/charts/am-consulting.co.jp-okunsLaw.html" target="_blank">国内総生産の前年比(%)と完全失業率の前年比(パーセントポイント):オークンの法則</a>,2017-05-08 20:49:18
89,<a href="http://knowledgevault.saecanet.com/charts/am-consulting.co.jp-consumerConfidenceSurvey.html" target="_blank">消費動向調査:日本</a>,2017-05-08 14:17:03
90,<a href="http://knowledgevault.saecanet.com/charts/am-consulting.co.jp-SourcesOfChangesInCurrentAccountBalancesAtTheBankOfJapan.html" target="_blank">日銀当座預金増減要因(見込み)</a>,2017-05-08 11:37:43
91,<a href="http://knowledgevault.saecanet.com/charts/am-consulting.co.jp-VIX.html" target="_blank">ボラティリティ･インデックス</a>,2017-05-08 07:22:05
92,<a href="http://knowledgevault.saecanet.com/charts/am-consulting.co.jp-USTradeInGoodsByCountry.html" target="_blank">U.S. Trade In Goods By Country</a>,2017-05-05 19:00:08
93,<a href="http://knowledgevault.saecanet.com/charts/am-consulting.co.jp-MonthlyStatementOfThePublicDebtOfTheUnitedStates.html" target="_blank">The Public Debt Of The United States</a>,2017-05-05 02:26:55
94,<a href="http://knowledgevault.saecanet.com/charts/am-consulting.co.jp-InvestmentPerformance.html" target="_blank">外国投信の運用成績一覧表(出所:日本証券業協会)</a>,2017-05-04 23:10:41
95,<a href="http://knowledgevault.saecanet.com/charts/am-consulting.co.jp-StockBalance.html" target="_blank">貸借取引銘柄別融資・貸株残高一覧表(出所:日本証券金融株式会社)</a>,2017-05-02 14:56:52
96,<a href="http://knowledgevault.saecanet.com/charts/am-consulting.co.jp-Phillipscurve.html" target="_blank">失業率と消費者物価指数:日本</a>,2017-04-28 17:06:05
97,<a href="http://knowledgevault.saecanet.com/charts/am-consulting.co.jp-DemographicForecast.html" target="_blank">日本の人口推計:総数と生産年齢人口および完全失業率との比較</a>,2017-04-28 16:03:34
98,<a href="http://knowledgevault.saecanet.com/charts/am-consulting.co.jp-HistoricalFXdata.html" target="_blank">外国為替公示相場ヒストリカルデータ</a>,2017-04-28 13:37:15
99,<a href="http://knowledgevault.saecanet.com/charts/am-consulting.co.jp-AverageHourlyWage.html" target="_blank">アルバイト・パート募集時平均時給調査データ</a>,2017-04-27 13:50:13
100,<a href="http://knowledgevault.saecanet.com/charts/am-consulting.co.jp-Lawmakers.html" target="_blank">政治にかかる税金</a>,2017-04-25 13:09:37
101,<a href="http://knowledgevault.saecanet.com/charts/am-consulting.co.jp-yieldCurve.html" target="_blank">日本国債イールドカーブ</a>,2017-04-24 13:17:03
102,<a href="http://knowledgevault.saecanet.com/charts/am-consulting.co.jp-WorldTerrorism.html" target="_blank">世界のテロ等発生状況</a>,2017-04-24 11:35:12
103,<a href="http://knowledgevault.saecanet.com/charts/am-consulting.co.jp-WorldEconomicOutlook.html" target="_blank">世界経済の見通し(2017年04月版) 2022年までの予測</a>,2017-04-20 20:55:58
104,<a href="http://knowledgevault.saecanet.com/charts/am-consulting.co.jp-InternationalInvestmentPosition.html" target="_blank">本邦対外資産負債残高</a>,2017-04-20 15:03:51
105,<a href="http://knowledgevault.saecanet.com/charts/am-consulting.co.jp-MilitaryExpenditureGDP.html" target="_blank">国別軍事費対GDP比</a>,2017-04-19 19:47:20
106,<a href="http://knowledgevault.saecanet.com/charts/am-consulting.co.jp-DepositInterestRate.html" target="_blank">預金種類別店頭表示金利の平均年利率等(週次<月曜基準>)</a>,2017-04-19 10:50:53
107,<a href="http://knowledgevault.saecanet.com/charts/am-consulting.co.jp-AverageContractInterestRatesOnLoansAndDiscounts.html" target="_blank">貸出約定平均金利:日本</a>,2017-04-18 17:15:56
108,<a href="http://knowledgevault.saecanet.com/charts/am-consulting.co.jp-Yield10yearData.html" target="_blank">Long-Term Government Bond Yields:10-year</a>,2017-04-18 11:20:21
109,<a href="http://knowledgevault.saecanet.com/charts/am-consulting.co.jp-TSUNAMI.html" target="_blank">発生津波ヒストリカルデータ</a>,2017-04-17 17:34:50
110,<a href="http://knowledgevault.saecanet.com/charts/am-consulting.co.jp-OECD-CompositeLeadingIndicators.html" target="_blank">OECD 景気先行指数</a>,2017-04-14 15:19:43
111,<a href="http://knowledgevault.saecanet.com/charts/am-consulting.co.jp-EnvironmentalRadioactivityLevel.html" target="_blank">放射線モニタリング情報 - 全国及び福島県の空間線量測定結果</a>,2017-04-14 14:06:05
112,<a href="http://knowledgevault.saecanet.com/charts/am-consulting.co.jp-scrambleInResponse.html" target="_blank">自衛隊機によるスクランブル発進(緊急発進):対ロシア、中国、台湾、北朝鮮、その他</a>,2017-04-12 21:39:14
113,<a href="http://knowledgevault.saecanet.com/charts/am-consulting.co.jp-BigMacIndex.html" target="_blank">ビッグマック指数</a>,2017-04-11 23:07:14
114,<a href="http://knowledgevault.saecanet.com/charts/am-consulting.co.jp-ReceivedOrdersByIndustry.html" target="_blank">建設工事受注動態統計調査:業種別受注高</a>,2017-04-11 13:24:53
115,<a href="http://knowledgevault.saecanet.com/charts/am-consulting.co.jp-SituationInBankruptcy.html" target="_blank">倒産の状況</a>,2017-04-10 20:51:10
116,<a href="http://knowledgevault.saecanet.com/charts/am-consulting.co.jp-SP500andVIX.html" target="_blank">S&P 500、 VIX(VOLATILITY S&P 500) and thier moving average</a>,2017-04-06 17:32:01
117,<a href="http://knowledgevault.saecanet.com/charts/am-consulting.co.jp-PutCallRatios.html" target="_blank">CBOE Volume & Put/Call Ratios</a>,2017-04-06 13:29:50
118,<a href="http://knowledgevault.saecanet.com/charts/am-consulting.co.jp-OutputGapAndPotentialGrowthRate.html" target="_blank">需給ギャップと潜在成長率:日本</a>,2017-04-05 16:45:59
119,<a href="http://knowledgevault.saecanet.com/charts/am-consulting.co.jp-SocialConsciousH28.html" target="_blank">社会意識に関する世論調査:平成28年度</a>,2017-04-04 20:28:36
120,<a href="http://knowledgevault.saecanet.com/charts/am-consulting.co.jp-NICHIGINTANKAN.html" target="_blank">日銀短観</a>,2017-04-04 11:25:10
121,<a href="http://knowledgevault.saecanet.com/charts/am-consulting.co.jp-ChildMortalityEstimates.html" target="_blank">Under-five Mortality Rate / 国別5歳未満死亡率</a>,2017-04-01 08:32:00
122,<a href="http://knowledgevault.saecanet.com/charts/am-consulting.co.jp-taxMattersStatistics.html" target="_blank">民間給与実態統計調査および会社標本調査 </a>,2017-03-31 17:01:00
123,<a href="http://knowledgevault.saecanet.com/charts/am-consulting.co.jp-FinancialStatementsOfJapan.html" target="_blank">日本の財務書類:連結財務書類:平成27年度</a>,2017-03-31 14:38:06
124,<a href="http://knowledgevault.saecanet.com/charts/am-consulting.co.jp-BEI.html" target="_blank">ドル円為替レート、10年もの日本国債金利、日経平均株価およびブレークイーブン･インフレ率</a>,2017-03-30 15:04:11
125,<a href="http://knowledgevault.saecanet.com/charts/am-consulting.co.jp-MainAccountForDomesticBank.html" target="_blank">主要勘定 前年比(国内銀行)</a>,2017-03-29 11:50:52
126,<a href="http://knowledgevault.saecanet.com/charts/am-consulting.co.jp-POTUS.html" target="_blank">米国財務省証券10年もの利回り、ドル円為替レート、米国失業率、米国失業保険申請件数4週間移動平均</a>,2017-03-28 19:33:18
127,<a href="http://knowledgevault.saecanet.com/charts/am-consulting.co.jp-SchoolHealthSurvey.html" target="_blank">学校保健統計調査:2016年度:都道府県別</a>,2017-03-28 12:44:01
128,<a href="http://knowledgevault.saecanet.com/charts/am-consulting.co.jp-FredPopularTS.html" target="_blank">FRED Economic Data: 10 Popular Series</a>,2017-03-27 23:30:07
129,<a href="http://knowledgevault.saecanet.com/charts/am-consulting.co.jp-LIBOR.html" target="_blank">LIBORとTEDスプレッド</a>,2017-03-24 21:09:21
130,<a href="http://knowledgevault.saecanet.com/charts/am-consulting.co.jp-TREASTandMBST.html" target="_blank">U.S. Treasury Securities and Mortgage-backed Securities held by the Federal Reserve</a>,2017-03-24 12:31:39
131,<a href="http://knowledgevault.saecanet.com/charts/am-consulting.co.jp-BreakevenInflationRate.html" target="_blank">期待インフレ率(米国)、米国財務省証券利回り、日本国債利回りおよびドル円為替レート</a>,2017-03-24 12:05:50
132,<a href="http://knowledgevault.saecanet.com/charts/am-consulting.co.jp-EffectiveExchangeRateIndices.html" target="_blank">実効為替レート:日本、米国、ユーロ圏、オーストラリア、中国、英国、ニュージーランド、韓国、南アフリカ</a>,2017-03-24 11:46:17
133,<a href="http://knowledgevault.saecanet.com/charts/am-consulting.co.jp-SKEW.html" target="_blank">CBOE SKEW Index</a>,2017-03-23 13:12:37
134,<a href="http://knowledgevault.saecanet.com/charts/am-consulting.co.jp-DGS.html" target="_blank">米国債利回り</a>,2017-03-22 19:54:19
135,<a href="http://knowledgevault.saecanet.com/charts/am-consulting.co.jp-LandPriceH29.html" target="_blank">平成29年地価公示</a>,2017-03-22 14:20:00
136,<a href="http://knowledgevault.saecanet.com/charts/am-consulting.co.jp-JapanPropertyPriceIndex.html" target="_blank">不動産価格指数(住宅)</a>,2017-03-21 14:11:51
137,<a href="http://knowledgevault.saecanet.com/charts/am-consulting.co.jp-LandDealNumber.html" target="_blank">土地取引件数</a>,2017-03-21 10:33:50
138,<a href="http://knowledgevault.saecanet.com/charts/am-consulting.co.jp-Michigan.html" target="_blank">ミシガン大学消費者信頼感指数</a>,2017-03-20 17:26:47
139,<a href="http://knowledgevault.saecanet.com/charts/am-consulting.co.jp-dailyFinancialDataTrend.html" target="_blank">日次金融指標の月別トレンド</a>,2017-03-17 19:29:28
140,<a href="http://knowledgevault.saecanet.com/charts/am-consulting.co.jp-DGSversusJGB.html" target="_blank">日米国債金利差</a>,2017-03-15 12:41:32
141,<a href="http://knowledgevault.saecanet.com/charts/am-consulting.co.jp-operationBOJdefinitePeriod.html" target="_blank">日本銀行年間オペレーション</a>,2017-03-13 00:33:58
142,<a href="http://knowledgevault.saecanet.com/charts/am-consulting.co.jp-BusinessOutlookSurvey.html" target="_blank">法人企業景気予測調査 - 景況判断、売上高判断、経常利益判断他</a>,2017-03-10 10:34:42
143,<a href="http://knowledgevault.saecanet.com/charts/am-consulting.co.jp-SIPRItop100.html" target="_blank">軍事産業データベース</a>,2017-03-09 17:59:26
144,<a href="http://knowledgevault.saecanet.com/charts/am-consulting.co.jp-GoldPrice.html" target="_blank">ゴールド価格</a>,2017-03-08 17:27:32
145,<a href="http://knowledgevault.saecanet.com/charts/am-consulting.co.jp-DOW.html" target="_blank">Dow Jones Industrial Average</a>,2017-03-08 12:08:13
146,<a href="http://knowledgevault.saecanet.com/charts/am-consulting.co.jp-ElectricityDemand.html" target="_blank">電力使用実績</a>,2017-03-07 13:44:59
147,<a href="http://knowledgevault.saecanet.com/charts/am-consulting.co.jp-IIMAGMVI.html" target="_blank">Global Markets Volatility Index</a>,2017-03-06 15:54:53
148,<a href="http://knowledgevault.saecanet.com/charts/am-consulting.co.jp-PortfolioGPIF.html" target="_blank">年金積立金管理運用独立行政法人保有全銘柄</a>,2017-03-03 16:57:11
149,<a href="http://knowledgevault.saecanet.com/charts/am-consulting.co.jp-RealWageIndices.html" target="_blank">実質賃金指数:日本</a>,2017-03-02 16:45:00
150,<a href="http://knowledgevault.saecanet.com/charts/am-consulting.co.jp-OTCRetailFXMarginTrading.html" target="_blank">店頭外国為替証拠金取引の状況時系列推移</a>,2017-02-24 14:10:08
151,<a href="http://knowledgevault.saecanet.com/charts/am-consulting.co.jp-TrendInSalary.html" target="_blank">所定内給与額および初任給の推移</a>,2017-02-23 18:57:06
152,<a href="http://knowledgevault.saecanet.com/charts/am-consulting.co.jp-HouseholdFinancialAsset.html" target="_blank">家計金融資産</a>,2017-02-22 10:09:58
153,<a href="http://knowledgevault.saecanet.com/charts/am-consulting.co.jp-socialIndicatorsByPrefectureIndex.html" target="_blank">社会生活統計指標-都道府県の指標</a>,2017-02-17 19:27:39
154,<a href="http://knowledgevault.saecanet.com/charts/am-consulting.co.jp-socialIndicatorsByPrefecture.html" target="_blank">社会生活統計指標-都道府県の指標:基礎データ</a>,2017-02-17 18:54:02
155,<a href="http://knowledgevault.saecanet.com/charts/am-consulting.co.jp-TopicalStockPrice.html" target="_blank">話題の株価</a>,2017-02-16 13:12:20
156,<a href="http://knowledgevault.saecanet.com/charts/am-consulting.co.jp-LifeTableInJapan.html" target="_blank">日本の簡易生命表</a>,2017-02-07 16:24:09
157,<a href="http://knowledgevault.saecanet.com/charts/am-consulting.co.jp-EmployedPersonByMajorIndustry.html" target="_blank">日本標準産業分類別就業者</a>,2017-02-06 14:44:01
158,<a href="http://knowledgevault.saecanet.com/charts/am-consulting.co.jp-politicalFunding.html" target="_blank">政治資金情報(データ出所:ラポール・ジャパン)</a>,2017-02-03 16:22:50
159,<a href="http://knowledgevault.saecanet.com/charts/am-consulting.co.jp-OECDPPP.html" target="_blank">購買力平価:日本円、ユーロ、ポンド</a>,2017-02-03 14:52:19
160,<a href="http://knowledgevault.saecanet.com/charts/am-consulting.co.jp-ConstructionRelatedLawsInJapan.html" target="_blank">法令条文検索:建築関連法令</a>,2017-01-30 10:45:24
161,<a href="http://knowledgevault.saecanet.com/charts/am-consulting.co.jp-migrantsInJapan.html" target="_blank">住民基本台帳人口移動報告</a>,2017-01-27 14:07:15
162,<a href="http://knowledgevault.saecanet.com/charts/am-consulting.co.jp-OverviewOfTheWorldEconomicOutlookProjections.html" target="_blank">IMF『世界経済の見通しの概要』</a>,2017-01-17 03:01:17
163,<a href="http://knowledgevault.saecanet.com/charts/am-consulting.co.jp-BankruptcyAndDissolution.html" target="_blank">中小企業白書:倒産、休廃業、解散件数の推移</a>,2017-01-16 10:43:44
164,<a href="http://knowledgevault.saecanet.com/charts/am-consulting.co.jp-OpinionSurvey.html" target="_blank">生活意識に関するアンケート調査</a>,2017-01-13 17:26:48
165,<a href="http://knowledgevault.saecanet.com/charts/am-consulting.co.jp-DirectInvestmentIncome.html" target="_blank">対外･対内 直接投資収益(地域別･業種別、四半期計)</a>,2017-01-13 01:40:13
166,<a href="http://knowledgevault.saecanet.com/charts/am-consulting.co.jp-ExpenditureOnGoodsAndServices.html" target="_blank">1世帯当たり1か月間の支出:全国(二人以上の世帯のうち勤労者世帯)</a>,2017-01-10 16:08:35
167,<a href="http://knowledgevault.saecanet.com/charts/am-consulting.co.jp-ForeignExchangeTurnover.html" target="_blank">店頭デリバティブ外国為替取引高(Billion $/日、4月の平均)</a>,2017-01-09 13:31:51
168,<a href="http://knowledgevault.saecanet.com/charts/am-consulting.co.jp-lineageContinuitySimulation.html" target="_blank">系統継続性シミュレーション</a>,2017-01-06 22:26:44
169,<a href="http://knowledgevault.saecanet.com/charts/am-consulting.co.jp-RealEstateAnalysis-UsedCondo-13.html" target="_blank">不動産取引価格情報の計量分析-2016年度第2四半期-東京都-中古マンション等</a>,2017-01-04 23:24:27
170,<a href="http://knowledgevault.saecanet.com/charts/am-consulting.co.jp-JapanesePhysique.html" target="_blank">平成27年度 年齢別体格測定の結果 身長と体重</a>,2017-01-04 16:59:29
171,<a href="http://knowledgevault.saecanet.com/charts/am-consulting.co.jp-calculationPoweredByDataCamp.html" target="_blank">Calculations Powered By DataCamp</a>,2017-01-04 15:17:00
172,<a href="http://knowledgevault.saecanet.com/charts/am-consulting.co.jp-cancerMortality.html" target="_blank">人口動態統計によるがん死亡データ:全国年齢階級別死亡率(対人口10万人)、部位、性、死亡年別</a>,2017-01-03 16:01:04
173,<a href="http://knowledgevault.saecanet.com/charts/am-consulting.co.jp-CarBorneMonitoring.html" target="_blank">『放射性物質の分布状況等調査による走行サーベイ結果』の基本統計量分析</a>,2016-12-31 00:32:00
174,<a href="http://knowledgevault.saecanet.com/charts/am-consulting.co.jp-PerformanceTableOfShinzoAbe.html" target="_blank">安倍晋三首相就任前後の経済･金融指標の比較</a>,2016-12-28 13:29:55
175,<a href="http://knowledgevault.saecanet.com/charts/am-consulting.co.jp-HouseholdFinancialAssets.html" target="_blank">家計の金融行動に関する世論調査:二人以上世帯</a>,2016-12-23 17:41:26
176,<a href="http://knowledgevault.saecanet.com/charts/am-consulting.co.jp-censusInJapan002.html" target="_blank">平成27年国勢調査 男女別人口、人口性比及び世帯の種類(2区分)別世帯数、世帯人員</a>,2016-12-16 17:28:10
177,<a href="http://knowledgevault.saecanet.com/charts/am-consulting.co.jp-censusInJapan001.html" target="_blank">平成27年国勢調査 人口、人口増減、面積、人口密度、世帯数及び世帯数増減</a>,2016-12-16 17:27:07
178,<a href="http://knowledgevault.saecanet.com/charts/am-consulting.co.jp-ForecastForTimeSeriesForexData.html" target="_blank">Forecast For Time Series Forex Data By Statistical Methods</a>,2016-12-16 14:43:42
179,<a href="http://knowledgevault.saecanet.com/charts/am-consulting.co.jp-CentralLimitTheorem.html" target="_blank">中心極限定理のシミュレーション</a>,2016-12-13 21:38:36
180,<a href="http://knowledgevault.saecanet.com/charts/am-consulting.co.jp-CIATheWorldFactBook-Correlation.html" target="_blank">『ザ･ワールド･ファクトブック』(CIA)に基づく各フィールド毎のスピアマン順位相関係数</a>,2016-12-12 11:30:00
181,<a href="http://knowledgevault.saecanet.com/charts/am-consulting.co.jp-CIATheWorldFactBook-Top10WithinEachField.html" target="_blank">『ザ･ワールド･ファクトブック』(CIA)に基づく国力比較表(Top10)</a>,2016-12-12 09:56:01
182,<a href="http://knowledgevault.saecanet.com/charts/am-consulting.co.jp-sampleSize.html" target="_blank">信頼水準、許容誤差および標本サイズ</a>,2016-12-09 20:31:54
183,<a href="http://knowledgevault.saecanet.com/charts/am-consulting.co.jp-returnPeriod.html" target="_blank">リスク分析のための遭遇確率-再現期間(年)に基づく遭遇確率表</a>,2016-12-09 20:15:04
184,<a href="http://knowledgevault.saecanet.com/charts/am-consulting.co.jp-CrossCorrelationBetweenTwoRandomWalkTimeSeries.html" target="_blank">2つのランダムウォーク時系列データの間の相互相関係数</a>,2016-12-05 13:30:28
185,<a href="http://knowledgevault.saecanet.com/charts/am-consulting.co.jp-2016NationalPopularVoteTracker.html" target="_blank">2016年アメリカ大統領選挙一般投票の結果と各州の寄与度</a>,2016-11-27 23:41:45
186,<a href="http://knowledgevault.saecanet.com/charts/am-consulting.co.jp-nationalTaxes.html" target="_blank">国税の時系列推移 - 申告所得税、消費税、法人税、源泉所得税:日本</a>,2016-11-23 19:28:44
187,<a href="http://knowledgevault.saecanet.com/charts/am-consulting.co.jp-20161026223533.html" target="_blank">元素の一覧表-原子番号、元素記号、元素名、周期、族、原子量、状態</a>,2016-10-26 22:35:41
188,<a href="http://olive.saecanet.com/2016/10/201610-20172021-world-economic-outlook.html" target="_blank">世界経済の見通し(2016年10月版) 2017年から2021年の予測</a>,-
189,<a href="http://olive.saecanet.com/p/blog-page_26.html" target="_blank">公共建築工事･土木工事共通費計算</a>,-
190,<a href="http://olive.saecanet.com/p/gdpnow.html" target="_blank">GDPNow リリース日時</a>,-
191,<a href="http://olive.saecanet.com/2016/09/blog-post_22.html" target="_blank">黒田総裁就任以降の日本銀行金融政策の変遷</a>,-
192,<a href="http://olive.saecanet.com/2016/10/201610_17.html" target="_blank">米国財務省為替報告書 2016年10月公表分の直訳</a>,-
193,<a href="http://olive.saecanet.com/2017/04/201704.html" target="_blank">米国財務省為替報告書 2017年04月公表分の直訳</a>,-
194,<a href="http://olive.saecanet.com/2017/04/blog-post.html" target="_blank">環境省 環境統計集へのリンク</a>,-
