"Name","Date","Net","WoW",""
"WHEAT-SRW - CHICAGO BOARD OF TRADE","20170808",-3953,-19466,"<img border=""0"" src=""https://raw.githubusercontent.com/am-consulting/am-consulting.github.io/master/components/favicon-arrow-down.ico"" alt=""Decreased"">"
"WHEAT-HRW - CHICAGO BOARD OF TRADE","20170808",75745,6190,"<img border=""0"" src=""https://raw.githubusercontent.com/am-consulting/am-consulting.github.io/master/components/favicon-arrow-up.ico"" alt=""Increased"">"
"WHEAT-HRSpring - MINNEAPOLIS GRAIN EXCHANGE","20170808",5308,-1065,"<img border=""0"" src=""https://raw.githubusercontent.com/am-consulting/am-consulting.github.io/master/components/favicon-arrow-down.ico"" alt=""Decreased"">"
"CORN - CHICAGO BOARD OF TRADE","20170808",137764,-10431,"<img border=""0"" src=""https://raw.githubusercontent.com/am-consulting/am-consulting.github.io/master/components/favicon-arrow-down.ico"" alt=""Decreased"">"
"OATS - CHICAGO BOARD OF TRADE","20170808",1836,-459,"<img border=""0"" src=""https://raw.githubusercontent.com/am-consulting/am-consulting.github.io/master/components/favicon-arrow-down.ico"" alt=""Decreased"">"
"SOYBEANS - CHICAGO BOARD OF TRADE","20170808",41412,-13293,"<img border=""0"" src=""https://raw.githubusercontent.com/am-consulting/am-consulting.github.io/master/components/favicon-arrow-down.ico"" alt=""Decreased"">"
"MINI SOYBEANS - CHICAGO BOARD OF TRADE","20170808",3185,-77,"<img border=""0"" src=""https://raw.githubusercontent.com/am-consulting/am-consulting.github.io/master/components/favicon-arrow-down.ico"" alt=""Decreased"">"
"CALIF CARBON ALL VINTAGE 2016 - ICE FUTURES ENERGY DIV","20170808",200,0,"-"
"NJ SRECS VINTAGE 2018 - ICE FUTURES ENERGY DIV","20170808",-5417,100,"<img border=""0"" src=""https://raw.githubusercontent.com/am-consulting/am-consulting.github.io/master/components/favicon-arrow-up.ico"" alt=""Increased"">"
"CALIF CARBON ALL VINTAGE 2017 - ICE FUTURES ENERGY DIV","20170808",-4607,1445,"<img border=""0"" src=""https://raw.githubusercontent.com/am-consulting/am-consulting.github.io/master/components/favicon-arrow-up.ico"" alt=""Increased"">"
"RGGI VINTAGE 2016 - ICE FUTURES ENERGY DIV","20170808",6843,0,"-"
"NJ SRECS VINTAGE 2019 - ICE FUTURES ENERGY DIV","20170808",-7858,-200,"<img border=""0"" src=""https://raw.githubusercontent.com/am-consulting/am-consulting.github.io/master/components/favicon-arrow-down.ico"" alt=""Decreased"">"
"NJ SRECS VINTAGE 2020 - ICE FUTURES ENERGY DIV","20170808",-1548,-170,"<img border=""0"" src=""https://raw.githubusercontent.com/am-consulting/am-consulting.github.io/master/components/favicon-arrow-down.ico"" alt=""Decreased"">"
"PJM TRI-RECs CLASS 1 Vin 2018 - ICE FUTURES ENERGY DIV","20170808",905,400,"<img border=""0"" src=""https://raw.githubusercontent.com/am-consulting/am-consulting.github.io/master/components/favicon-arrow-up.ico"" alt=""Increased"">"
"PJM TRI-RECs CLASS 1 Vin 2019 - ICE FUTURES ENERGY DIV","20170808",3188,100,"<img border=""0"" src=""https://raw.githubusercontent.com/am-consulting/am-consulting.github.io/master/components/favicon-arrow-up.ico"" alt=""Increased"">"
"RGGI VINTAGE 2017 - ICE FUTURES ENERGY DIV","20170808",-1215,-130,"<img border=""0"" src=""https://raw.githubusercontent.com/am-consulting/am-consulting.github.io/master/components/favicon-arrow-down.ico"" alt=""Decreased"">"
"SOYBEAN OIL - CHICAGO BOARD OF TRADE","20170808",73524,-2672,"<img border=""0"" src=""https://raw.githubusercontent.com/am-consulting/am-consulting.github.io/master/components/favicon-arrow-down.ico"" alt=""Decreased"">"
"U.S. TREASURY BONDS - CHICAGO BOARD OF TRADE","20170808",76617,27807,"<img border=""0"" src=""https://raw.githubusercontent.com/am-consulting/am-consulting.github.io/master/components/favicon-arrow-up.ico"" alt=""Increased"">"
"ULTRA U.S. TREASURY BONDS - CHICAGO BOARD OF TRADE","20170808",-66822,-12293,"<img border=""0"" src=""https://raw.githubusercontent.com/am-consulting/am-consulting.github.io/master/components/favicon-arrow-down.ico"" alt=""Decreased"">"
"GULF # 6 FUEL 3.0% SULFUR SWAP - NEW YORK MERCANTILE EXCHANGE","20170808",5057,650,"<img border=""0"" src=""https://raw.githubusercontent.com/am-consulting/am-consulting.github.io/master/components/favicon-arrow-up.ico"" alt=""Increased"">"
"EUR 3.5% FUEL OIL RTD CAL SWAP - NEW YORK MERCANTILE EXCHANGE","20170808",600,-51,"<img border=""0"" src=""https://raw.githubusercontent.com/am-consulting/am-consulting.github.io/master/components/favicon-arrow-down.ico"" alt=""Decreased"">"
"SING 380 FUEL OIL SWAP - NEW YORK MERCANTILE EXCHANGE","20170808",969,35,"<img border=""0"" src=""https://raw.githubusercontent.com/am-consulting/am-consulting.github.io/master/components/favicon-arrow-up.ico"" alt=""Increased"">"
"MINI EUR 3.5%FOIL RTD CAL SWAP - NEW YORK MERCANTILE EXCHANGE","20170808",-862,161,"<img border=""0"" src=""https://raw.githubusercontent.com/am-consulting/am-consulting.github.io/master/components/favicon-arrow-up.ico"" alt=""Increased"">"
"MINI SING FUELOIL 180 CAL SWAP - NEW YORK MERCANTILE EXCHANGE","20170808",-255,30,"<img border=""0"" src=""https://raw.githubusercontent.com/am-consulting/am-consulting.github.io/master/components/favicon-arrow-up.ico"" alt=""Increased"">"
"GULF NO6 FO 3% v EUR 3.5% RDAM - NEW YORK MERCANTILE EXCHANGE","20170808",-1435,694,"<img border=""0"" src=""https://raw.githubusercontent.com/am-consulting/am-consulting.github.io/master/components/favicon-arrow-up.ico"" alt=""Increased"">"
"MINI SING 380 FUEL OIL SWAP - NEW YORK MERCANTILE EXCHANGE","20170808",-1336,-112,"<img border=""0"" src=""https://raw.githubusercontent.com/am-consulting/am-consulting.github.io/master/components/favicon-arrow-down.ico"" alt=""Decreased"">"
"FUEL OIL-380cst SING/3.5% RDAM - NEW YORK MERCANTILE EXCHANGE","20170808",136,-9,"<img border=""0"" src=""https://raw.githubusercontent.com/am-consulting/am-consulting.github.io/master/components/favicon-arrow-down.ico"" alt=""Decreased"">"
"#2 HEATING OIL, NY HARBOR-ULSD - NEW YORK MERCANTILE EXCHANGE","20170808",25414,2981,"<img border=""0"" src=""https://raw.githubusercontent.com/am-consulting/am-consulting.github.io/master/components/favicon-arrow-up.ico"" alt=""Increased"">"
"UP DOWN GC ULSD VS HO SPR - NEW YORK MERCANTILE EXCHANGE","20170808",0,125,"<img border=""0"" src=""https://raw.githubusercontent.com/am-consulting/am-consulting.github.io/master/components/favicon-arrow-up.ico"" alt=""Increased"">"
"NATURAL GAS ICE HENRY HUB - ICE FUTURES ENERGY DIV","20170808",834582,-29045,"<img border=""0"" src=""https://raw.githubusercontent.com/am-consulting/am-consulting.github.io/master/components/favicon-arrow-down.ico"" alt=""Decreased"">"
"NATURAL GAS PENULTIMATE ICE - ICE FUTURES ENERGY DIV","20170808",-43320,-2069,"<img border=""0"" src=""https://raw.githubusercontent.com/am-consulting/am-consulting.github.io/master/components/favicon-arrow-down.ico"" alt=""Decreased"">"
"SOCAL BORDER FIN BASIS - ICE FUTURES ENERGY DIV","20170808",3852,-2569,"<img border=""0"" src=""https://raw.githubusercontent.com/am-consulting/am-consulting.github.io/master/components/favicon-arrow-down.ico"" alt=""Decreased"">"
"PG&E CITYGATE FIN BASIS - ICE FUTURES ENERGY DIV","20170808",852,-1863,"<img border=""0"" src=""https://raw.githubusercontent.com/am-consulting/am-consulting.github.io/master/components/favicon-arrow-down.ico"" alt=""Decreased"">"
"NWP ROCKIES FIN BASIS - ICE FUTURES ENERGY DIV","20170808",496,-1041,"<img border=""0"" src=""https://raw.githubusercontent.com/am-consulting/am-consulting.github.io/master/components/favicon-arrow-down.ico"" alt=""Decreased"">"
"AECO FIN BASIS - ICE FUTURES ENERGY DIV","20170808",-15462,4349,"<img border=""0"" src=""https://raw.githubusercontent.com/am-consulting/am-consulting.github.io/master/components/favicon-arrow-up.ico"" alt=""Increased"">"
"CHICAGO FIN BASIS - ICE FUTURES ENERGY DIV","20170808",4332,-2803,"<img border=""0"" src=""https://raw.githubusercontent.com/am-consulting/am-consulting.github.io/master/components/favicon-arrow-down.ico"" alt=""Decreased"">"
"HSC FIN BASIS - ICE FUTURES ENERGY DIV","20170808",325,-1530,"<img border=""0"" src=""https://raw.githubusercontent.com/am-consulting/am-consulting.github.io/master/components/favicon-arrow-down.ico"" alt=""Decreased"">"
"WAHA FIN BASIS - ICE FUTURES ENERGY DIV","20170808",-901,2875,"<img border=""0"" src=""https://raw.githubusercontent.com/am-consulting/am-consulting.github.io/master/components/favicon-arrow-up.ico"" alt=""Increased"">"
"ALGONQUIN CITY-GATES FINANCIAL BASIS - ICE FUTURES ENERGY DIV","20170808",-303,1463,"<img border=""0"" src=""https://raw.githubusercontent.com/am-consulting/am-consulting.github.io/master/components/favicon-arrow-up.ico"" alt=""Increased"">"
"CHICAGO CITYGATE (INDEX) - ICE FUTURES ENERGY DIV","20170808",1013,-403,"<img border=""0"" src=""https://raw.githubusercontent.com/am-consulting/am-consulting.github.io/master/components/favicon-arrow-down.ico"" alt=""Decreased"">"
"COLORADO INTERSTATE - MAINLINE (BASIS) - ICE FUTURES ENERGY DIV","20170808",2957,2911,"<img border=""0"" src=""https://raw.githubusercontent.com/am-consulting/am-consulting.github.io/master/components/favicon-arrow-up.ico"" alt=""Increased"">"
"COLUMBIA GAS CO. - TCO POOL (APPALACHIA) (BASIS) - ICE FUTURES ENERGY DIV","20170808",885,-132,"<img border=""0"" src=""https://raw.githubusercontent.com/am-consulting/am-consulting.github.io/master/components/favicon-arrow-down.ico"" alt=""Decreased"">"
"COLUMBIA GULF TRANSMISSION CO. -  MAINLINE POOL - ICE FUTURES ENERGY DIV","20170808",0,0,"-"
"DOMINION - SOUTH POINT - ICE FUTURES ENERGY DIV","20170808",2294,-93,"<img border=""0"" src=""https://raw.githubusercontent.com/am-consulting/am-consulting.github.io/master/components/favicon-arrow-down.ico"" alt=""Decreased"">"
"DOMINION - SOUTH POINT (BASIS) - ICE FUTURES ENERGY DIV","20170808",43453,-358,"<img border=""0"" src=""https://raw.githubusercontent.com/am-consulting/am-consulting.github.io/master/components/favicon-arrow-down.ico"" alt=""Decreased"">"
"EL PASO - PERMIAN BASIN (BASIS) - ICE FUTURES ENERGY DIV","20170808",3259,1687,"<img border=""0"" src=""https://raw.githubusercontent.com/am-consulting/am-consulting.github.io/master/components/favicon-arrow-up.ico"" alt=""Increased"">"
"EL PASO - PERMIAN BASIN (INDEX) - ICE FUTURES ENERGY DIV","20170808",0,-496,"<img border=""0"" src=""https://raw.githubusercontent.com/am-consulting/am-consulting.github.io/master/components/favicon-arrow-down.ico"" alt=""Decreased"">"
"EL PASO-SAN JUAN BASIN,BLANCO POOL PRIMARY ONLY-BASIS - ICE FUTURES ENERGY D","20170808",-499,558,"<img border=""0"" src=""https://raw.githubusercontent.com/am-consulting/am-consulting.github.io/master/components/favicon-arrow-up.ico"" alt=""Increased"">"
"HENRY HUB - TAILGATE, LOUISIANA (BASIS) - ICE FUTURES ENERGY DIV","20170808",0,-11284,"<img border=""0"" src=""https://raw.githubusercontent.com/am-consulting/am-consulting.github.io/master/components/favicon-arrow-down.ico"" alt=""Decreased"">"
"HENRY HUB - TAILGATE, LOUISIANA (INDEX) - ICE FUTURES ENERGY DIV","20170808",12665,-22754,"<img border=""0"" src=""https://raw.githubusercontent.com/am-consulting/am-consulting.github.io/master/components/favicon-arrow-down.ico"" alt=""Decreased"">"
"HOUSTON SHIP CHANNEL (INDEX) - ICE FUTURES ENERGY DIV","20170808",0,403,"<img border=""0"" src=""https://raw.githubusercontent.com/am-consulting/am-consulting.github.io/master/components/favicon-arrow-up.ico"" alt=""Increased"">"
"MICHIGAN CONSOLIDATED CITYGATE (GENERIC) (BASIS) - ICE FUTURES ENERGY DIV","20170808",1248,-219,"<img border=""0"" src=""https://raw.githubusercontent.com/am-consulting/am-consulting.github.io/master/components/favicon-arrow-down.ico"" alt=""Decreased"">"
"NATURAL GAS INDEX: ALGONQUIN CITY GATES - ICE FUTURES ENERGY DIV","20170808",-589,992,"<img border=""0"" src=""https://raw.githubusercontent.com/am-consulting/am-consulting.github.io/master/components/favicon-arrow-up.ico"" alt=""Increased"">"
"NATURAL GAS PIPELINE, TEXOK (BASIS) - ICE FUTURES ENERGY DIV","20170808",-1142,476,"<img border=""0"" src=""https://raw.githubusercontent.com/am-consulting/am-consulting.github.io/master/components/favicon-arrow-up.ico"" alt=""Increased"">"
"NORTHERN NATURAL GAS - VENTURA (BASIS) - ICE FUTURES ENERGY DIV","20170808",6244,398,"<img border=""0"" src=""https://raw.githubusercontent.com/am-consulting/am-consulting.github.io/master/components/favicon-arrow-up.ico"" alt=""Increased"">"
"NORTHWEST PIPELINE - CANADIAN BORDER (BASIS) - ICE FUTURES ENERGY DIV","20170808",0,-403,"<img border=""0"" src=""https://raw.githubusercontent.com/am-consulting/am-consulting.github.io/master/components/favicon-arrow-down.ico"" alt=""Decreased"">"
"NORTHWEST PIPELINE CORP. - ROCKY MOUNTAINS - ICE FUTURES ENERGY DIV","20170801",0,0,"-"
"PACIFIC GAS TRANSMISSION - MALIN (BASIS) - ICE FUTURES ENERGY DIV","20170808",-271,-428,"<img border=""0"" src=""https://raw.githubusercontent.com/am-consulting/am-consulting.github.io/master/components/favicon-arrow-down.ico"" alt=""Decreased"">"
"PANHANDLE EASTERN- POOL GAS (BASIS) - ICE FUTURES ENERGY DIV","20170808",-1223,2660,"<img border=""0"" src=""https://raw.githubusercontent.com/am-consulting/am-consulting.github.io/master/components/favicon-arrow-up.ico"" alt=""Increased"">"
"SOCAL (INDEX) - ICE FUTURES ENERGY DIV","20170808",1116,-1736,"<img border=""0"" src=""https://raw.githubusercontent.com/am-consulting/am-consulting.github.io/master/components/favicon-arrow-down.ico"" alt=""Decreased"">"
"TEXAS EASTERN- M3 ZONE (DELIVERED) - ICE FUTURES ENERGY DIV","20170808",-310,-620,"<img border=""0"" src=""https://raw.githubusercontent.com/am-consulting/am-consulting.github.io/master/components/favicon-arrow-down.ico"" alt=""Decreased"">"
"TEXAS EASTERN- M3 ZONE (DELIVERED) (BASIS) - ICE FUTURES ENERGY DIV","20170808",6183,-963,"<img border=""0"" src=""https://raw.githubusercontent.com/am-consulting/am-consulting.github.io/master/components/favicon-arrow-down.ico"" alt=""Decreased"">"
"TRANSCO STN 85 MONTHLY INDEX - ICE FUTURES ENERGY DIV","20170801",0,0,"-"
"TRANSCO ZONE 6 BASIS - ICE FUTURES ENERGY DIV","20170808",1255,-1137,"<img border=""0"" src=""https://raw.githubusercontent.com/am-consulting/am-consulting.github.io/master/components/favicon-arrow-down.ico"" alt=""Decreased"">"
"TRANSCONTINENTAL GAS- STATION 85 (ZONE 4) - ICE FUTURES ENERGY DIV","20170808",750,750,"<img border=""0"" src=""https://raw.githubusercontent.com/am-consulting/am-consulting.github.io/master/components/favicon-arrow-up.ico"" alt=""Increased"">"
"TRANSCONTINENTAL GAS - ZONE 6 (NY) (BASIS) - ICE FUTURES ENERGY DIV","20170808",4335,-1209,"<img border=""0"" src=""https://raw.githubusercontent.com/am-consulting/am-consulting.github.io/master/components/favicon-arrow-down.ico"" alt=""Decreased"">"
"WAHA HUB - WEST TEXAS DELIVERED/BUYER'S INDEX - ICE FUTURES ENERGY DIV","20170808",1302,-1643,"<img border=""0"" src=""https://raw.githubusercontent.com/am-consulting/am-consulting.github.io/master/components/favicon-arrow-down.ico"" alt=""Decreased"">"
"TETCO M2 Basis (Receipts) - ICE FUTURES ENERGY DIV","20170808",0,-2623,"<img border=""0"" src=""https://raw.githubusercontent.com/am-consulting/am-consulting.github.io/master/components/favicon-arrow-down.ico"" alt=""Decreased"">"
"TRANSCO LEIDY BASIS - ICE FUTURES ENERGY DIV","20170808",0,0,"-"
"NATURAL GAS - NEW YORK MERCANTILE EXCHANGE","20170808",-72934,-14729,"<img border=""0"" src=""https://raw.githubusercontent.com/am-consulting/am-consulting.github.io/master/components/favicon-arrow-down.ico"" alt=""Decreased"">"
"HENRY HUB LAST DAY FIN - NEW YORK MERCANTILE EXCHANGE","20170808",52981,7318,"<img border=""0"" src=""https://raw.githubusercontent.com/am-consulting/am-consulting.github.io/master/components/favicon-arrow-up.ico"" alt=""Increased"">"
"HENRY HUB PENULTIMATE FIN - NEW YORK MERCANTILE EXCHANGE","20170808",-22527,-753,"<img border=""0"" src=""https://raw.githubusercontent.com/am-consulting/am-consulting.github.io/master/components/favicon-arrow-down.ico"" alt=""Decreased"">"
"HHUB NAT GAS PENULT FINL-10000 - NASDAQ FUTURES","20170808",-7402,-2052,"<img border=""0"" src=""https://raw.githubusercontent.com/am-consulting/am-consulting.github.io/master/components/favicon-arrow-down.ico"" alt=""Decreased"">"
"COAL (API 2) CIF ARA SWAP FUT - NEW YORK MERCANTILE EXCHANGE","20170808",4435,-748,"<img border=""0"" src=""https://raw.githubusercontent.com/am-consulting/am-consulting.github.io/master/components/favicon-arrow-down.ico"" alt=""Decreased"">"
"COAL (API 4) FOB  RICH BAY FUT - NEW YORK MERCANTILE EXCHANGE","20170808",3946,470,"<img border=""0"" src=""https://raw.githubusercontent.com/am-consulting/am-consulting.github.io/master/components/favicon-arrow-up.ico"" alt=""Increased"">"
"CBT ETHANOL - CHICAGO BOARD OF TRADE","20170808",797,-5,"<img border=""0"" src=""https://raw.githubusercontent.com/am-consulting/am-consulting.github.io/master/components/favicon-arrow-down.ico"" alt=""Decreased"">"
"ETHANOL T2 FOB INCL DUTY SWAP - NEW YORK MERCANTILE EXCHANGE","20170808",-158,-49,"<img border=""0"" src=""https://raw.githubusercontent.com/am-consulting/am-consulting.github.io/master/components/favicon-arrow-down.ico"" alt=""Decreased"">"
"CHICAGO ETHANOL SWAP - NEW YORK MERCANTILE EXCHANGE","20170808",4705,-528,"<img border=""0"" src=""https://raw.githubusercontent.com/am-consulting/am-consulting.github.io/master/components/favicon-arrow-down.ico"" alt=""Decreased"">"
"SOYBEAN MEAL - CHICAGO BOARD OF TRADE","20170808",10830,-4854,"<img border=""0"" src=""https://raw.githubusercontent.com/am-consulting/am-consulting.github.io/master/components/favicon-arrow-down.ico"" alt=""Decreased"">"
"EUROPEAN NAPHTHA CAL SWAP - NEW YORK MERCANTILE EXCHANGE","20170808",369,65,"<img border=""0"" src=""https://raw.githubusercontent.com/am-consulting/am-consulting.github.io/master/components/favicon-arrow-up.ico"" alt=""Increased"">"
"Mini Eur Naphtha CIF NWE Swap - NEW YORK MERCANTILE EXCHANGE","20170808",-16,-26,"<img border=""0"" src=""https://raw.githubusercontent.com/am-consulting/am-consulting.github.io/master/components/favicon-arrow-down.ico"" alt=""Decreased"">"
"COTTON NO. 2 - ICE FUTURES U.S.","20170808",38587,9312,"<img border=""0"" src=""https://raw.githubusercontent.com/am-consulting/am-consulting.github.io/master/components/favicon-arrow-up.ico"" alt=""Increased"">"
"HENRY HUB SWAP - NEW YORK MERCANTILE EXCHANGE","20170808",612628,-156,"<img border=""0"" src=""https://raw.githubusercontent.com/am-consulting/am-consulting.github.io/master/components/favicon-arrow-down.ico"" alt=""Decreased"">"
"HENRY HUB PENULTIMATE GAS SWAP - NEW YORK MERCANTILE EXCHANGE","20170808",-42017,597,"<img border=""0"" src=""https://raw.githubusercontent.com/am-consulting/am-consulting.github.io/master/components/favicon-arrow-up.ico"" alt=""Increased"">"
"MALAYSIAN PALM OIL CALENDAR SW - CHICAGO MERCANTILE EXCHANGE","20170808",-4172,120,"<img border=""0"" src=""https://raw.githubusercontent.com/am-consulting/am-consulting.github.io/master/components/favicon-arrow-up.ico"" alt=""Increased"">"
"ROUGH RICE - CHICAGO BOARD OF TRADE","20170808",1493,449,"<img border=""0"" src=""https://raw.githubusercontent.com/am-consulting/am-consulting.github.io/master/components/favicon-arrow-up.ico"" alt=""Increased"">"
"FRZN CONCENTRATED ORANGE JUICE - ICE FUTURES U.S.","20170808",-3933,-237,"<img border=""0"" src=""https://raw.githubusercontent.com/am-consulting/am-consulting.github.io/master/components/favicon-arrow-down.ico"" alt=""Decreased"">"
"2-YEAR U.S. TREASURY NOTES - CHICAGO BOARD OF TRADE","20170808",-164534,31952,"<img border=""0"" src=""https://raw.githubusercontent.com/am-consulting/am-consulting.github.io/master/components/favicon-arrow-up.ico"" alt=""Increased"">"
"10-YEAR U.S. TREASURY NOTES - CHICAGO BOARD OF TRADE","20170808",229836,18956,"<img border=""0"" src=""https://raw.githubusercontent.com/am-consulting/am-consulting.github.io/master/components/favicon-arrow-up.ico"" alt=""Increased"">"
"ULTRA 10-YEAR U.S. T-NOTES - CHICAGO BOARD OF TRADE","20170808",20403,11585,"<img border=""0"" src=""https://raw.githubusercontent.com/am-consulting/am-consulting.github.io/master/components/favicon-arrow-up.ico"" alt=""Increased"">"
"5-YEAR U.S. TREASURY NOTES - CHICAGO BOARD OF TRADE","20170808",-211123,30578,"<img border=""0"" src=""https://raw.githubusercontent.com/am-consulting/am-consulting.github.io/master/components/favicon-arrow-up.ico"" alt=""Increased"">"
"30-DAY FEDERAL FUNDS - CHICAGO BOARD OF TRADE","20170808",-286041,-880,"<img border=""0"" src=""https://raw.githubusercontent.com/am-consulting/am-consulting.github.io/master/components/favicon-arrow-down.ico"" alt=""Decreased"">"
"BUTTER (CASH SETTLED) - CHICAGO MERCANTILE EXCHANGE","20170808",-324,139,"<img border=""0"" src=""https://raw.githubusercontent.com/am-consulting/am-consulting.github.io/master/components/favicon-arrow-up.ico"" alt=""Increased"">"
"MILK, Class III - CHICAGO MERCANTILE EXCHANGE","20170808",5270,-2267,"<img border=""0"" src=""https://raw.githubusercontent.com/am-consulting/am-consulting.github.io/master/components/favicon-arrow-down.ico"" alt=""Decreased"">"
"NON FAT DRY MILK - CHICAGO MERCANTILE EXCHANGE","20170808",355,-97,"<img border=""0"" src=""https://raw.githubusercontent.com/am-consulting/am-consulting.github.io/master/components/favicon-arrow-down.ico"" alt=""Decreased"">"
"LEAN HOGS - CHICAGO MERCANTILE EXCHANGE","20170808",55997,959,"<img border=""0"" src=""https://raw.githubusercontent.com/am-consulting/am-consulting.github.io/master/components/favicon-arrow-up.ico"" alt=""Increased"">"
"LIVE CATTLE - CHICAGO MERCANTILE EXCHANGE","20170808",105415,-2218,"<img border=""0"" src=""https://raw.githubusercontent.com/am-consulting/am-consulting.github.io/master/components/favicon-arrow-down.ico"" alt=""Decreased"">"
"RANDOM LENGTH LUMBER - CHICAGO MERCANTILE EXCHANGE","20170808",786,-127,"<img border=""0"" src=""https://raw.githubusercontent.com/am-consulting/am-consulting.github.io/master/components/favicon-arrow-down.ico"" alt=""Decreased"">"
"FEEDER CATTLE - CHICAGO MERCANTILE EXCHANGE","20170808",13955,-102,"<img border=""0"" src=""https://raw.githubusercontent.com/am-consulting/am-consulting.github.io/master/components/favicon-arrow-down.ico"" alt=""Decreased"">"
"CHEESE (CASH-SETTLED) - CHICAGO MERCANTILE EXCHANGE","20170808",-9192,1693,"<img border=""0"" src=""https://raw.githubusercontent.com/am-consulting/am-consulting.github.io/master/components/favicon-arrow-up.ico"" alt=""Increased"">"
"PJM WH REAL TIME PEAK - ICE FUTURES ENERGY DIV","20170808",11876,804,"<img border=""0"" src=""https://raw.githubusercontent.com/am-consulting/am-consulting.github.io/master/components/favicon-arrow-up.ico"" alt=""Increased"">"
"MID-C DAY-AHEAD PEAK - ICE FUTURES ENERGY DIV","20170808",275,-25,"<img border=""0"" src=""https://raw.githubusercontent.com/am-consulting/am-consulting.github.io/master/components/favicon-arrow-down.ico"" alt=""Decreased"">"
"MID-C DAY-AHEAD OFF-PEAK - ICE FUTURES ENERGY DIV","20170808",-200,-25,"<img border=""0"" src=""https://raw.githubusercontent.com/am-consulting/am-consulting.github.io/master/components/favicon-arrow-down.ico"" alt=""Decreased"">"
"PJM WESTERN HUB RT OFF - ICE FUTURES ENERGY DIV","20170808",-26131,-655,"<img border=""0"" src=""https://raw.githubusercontent.com/am-consulting/am-consulting.github.io/master/components/favicon-arrow-down.ico"" alt=""Decreased"">"
"SP15 FIN DA PEAK FIXED - ICE FUTURES ENERGY DIV","20170808",-2623,1840,"<img border=""0"" src=""https://raw.githubusercontent.com/am-consulting/am-consulting.github.io/master/components/favicon-arrow-up.ico"" alt=""Increased"">"
"CAISO SP15 FIN DA OFF-PEAK - ICE FUTURES ENERGY DIV","20170801",-75,0,"-"
"PJM AEP DAYTON RT OFF-PK - ICE FUTURES ENERGY DIV","20170808",-4040,-430,"<img border=""0"" src=""https://raw.githubusercontent.com/am-consulting/am-consulting.github.io/master/components/favicon-arrow-down.ico"" alt=""Decreased"">"
"PJM AEP DAYTON RT PEAK FIXED - ICE FUTURES ENERGY DIV","20170808",-790,-70,"<img border=""0"" src=""https://raw.githubusercontent.com/am-consulting/am-consulting.github.io/master/components/favicon-arrow-down.ico"" alt=""Decreased"">"
"PJM AEP DAYTON HUB DA OFF-PK - ICE FUTURES ENERGY DIV","20170808",-16510,480,"<img border=""0"" src=""https://raw.githubusercontent.com/am-consulting/am-consulting.github.io/master/components/favicon-arrow-up.ico"" alt=""Increased"">"
"PJM AEP DAYTON DA PEAK - ICE FUTURES ENERGY DIV","20170808",-21654,-2115,"<img border=""0"" src=""https://raw.githubusercontent.com/am-consulting/am-consulting.github.io/master/components/favicon-arrow-down.ico"" alt=""Decreased"">"
"MISO INDIANA  OFF-PEAK - ICE FUTURES ENERGY DIV","20170808",-425,25,"<img border=""0"" src=""https://raw.githubusercontent.com/am-consulting/am-consulting.github.io/master/components/favicon-arrow-up.ico"" alt=""Increased"">"
"MISO IN. REAL-TIME OFF-PEAK - ICE FUTURES ENERGY DIV","20170808",1900,-75,"<img border=""0"" src=""https://raw.githubusercontent.com/am-consulting/am-consulting.github.io/master/components/favicon-arrow-down.ico"" alt=""Decreased"">"
"ERCOT HOUSTON 345KV RT PK FIX - ICE FUTURES ENERGY DIV","20170808",-700,50,"<img border=""0"" src=""https://raw.githubusercontent.com/am-consulting/am-consulting.github.io/master/components/favicon-arrow-up.ico"" alt=""Increased"">"
"ERCOT NORTH 345KV RT PK FIX - ICE FUTURES ENERGY DIV","20170808",262,1547,"<img border=""0"" src=""https://raw.githubusercontent.com/am-consulting/am-consulting.github.io/master/components/favicon-arrow-up.ico"" alt=""Increased"">"
"ERCOT - NORTH MONTHLY OFF-PEAK - ICE FUTURES ENERGY DIV","20170808",-2232,-1900,"<img border=""0"" src=""https://raw.githubusercontent.com/am-consulting/am-consulting.github.io/master/components/favicon-arrow-down.ico"" alt=""Decreased"">"
"NYISO ZONE C DA PEAK - ICE FUTURES ENERGY DIV","20170808",-575,-95,"<img border=""0"" src=""https://raw.githubusercontent.com/am-consulting/am-consulting.github.io/master/components/favicon-arrow-down.ico"" alt=""Decreased"">"
"MISO IN. DAY-AHEAD PEAK - ICE FUTURES ENERGY DIV","20170808",275,-150,"<img border=""0"" src=""https://raw.githubusercontent.com/am-consulting/am-consulting.github.io/master/components/favicon-arrow-down.ico"" alt=""Decreased"">"
"MISO INDIANA HUB RT PEAK - ICE FUTURES ENERGY DIV","20170808",-150,0,"-"
"PJM N. IL HUB DA OFF-PK - ICE FUTURES ENERGY DIV","20170808",1270,-5,"<img border=""0"" src=""https://raw.githubusercontent.com/am-consulting/am-consulting.github.io/master/components/favicon-arrow-down.ico"" alt=""Decreased"">"
"PJM N. IL HUB DA PEAK - ICE FUTURES ENERGY DIV","20170808",-380,-125,"<img border=""0"" src=""https://raw.githubusercontent.com/am-consulting/am-consulting.github.io/master/components/favicon-arrow-down.ico"" alt=""Decreased"">"
"ISO NE MASS HUB DA OFF-PK - ICE FUTURES ENERGY DIV","20170808",-2501,87,"<img border=""0"" src=""https://raw.githubusercontent.com/am-consulting/am-consulting.github.io/master/components/favicon-arrow-up.ico"" alt=""Increased"">"
"ISO NE MASS HUB DA PEAK - ICE FUTURES ENERGY DIV","20170808",1183,1144,"<img border=""0"" src=""https://raw.githubusercontent.com/am-consulting/am-consulting.github.io/master/components/favicon-arrow-up.ico"" alt=""Increased"">"
"CAISO NP-15 PEAK - ICE FUTURES ENERGY DIV","20170808",0,-225,"<img border=""0"" src=""https://raw.githubusercontent.com/am-consulting/am-consulting.github.io/master/components/favicon-arrow-down.ico"" alt=""Decreased"">"
"PJM NI HUB RT OFF-PK - ICE FUTURES ENERGY DIV","20170808",-3025,-277,"<img border=""0"" src=""https://raw.githubusercontent.com/am-consulting/am-consulting.github.io/master/components/favicon-arrow-down.ico"" alt=""Decreased"">"
"PJM N. IL HUB RT PEAK - ICE FUTURES ENERGY DIV","20170808",2845,-190,"<img border=""0"" src=""https://raw.githubusercontent.com/am-consulting/am-consulting.github.io/master/components/favicon-arrow-down.ico"" alt=""Decreased"">"
"NYISO ZONE J DA PEAK - ICE FUTURES ENERGY DIV","20170808",-1810,420,"<img border=""0"" src=""https://raw.githubusercontent.com/am-consulting/am-consulting.github.io/master/components/favicon-arrow-up.ico"" alt=""Increased"">"
"NYISO ZONE J DA OFF-PK - ICE FUTURES ENERGY DIV","20170808",-1215,375,"<img border=""0"" src=""https://raw.githubusercontent.com/am-consulting/am-consulting.github.io/master/components/favicon-arrow-up.ico"" alt=""Increased"">"
"NYISO ZONE A DA PEAK - ICE FUTURES ENERGY DIV","20170808",1264,114,"<img border=""0"" src=""https://raw.githubusercontent.com/am-consulting/am-consulting.github.io/master/components/favicon-arrow-up.ico"" alt=""Increased"">"
"NYISO ZONE A DA OFF-PK - ICE FUTURES ENERGY DIV","20170808",1149,-128,"<img border=""0"" src=""https://raw.githubusercontent.com/am-consulting/am-consulting.github.io/master/components/favicon-arrow-down.ico"" alt=""Decreased"">"
"NYISO ZONE G DA PEAK - ICE FUTURES ENERGY DIV","20170808",-7569,-301,"<img border=""0"" src=""https://raw.githubusercontent.com/am-consulting/am-consulting.github.io/master/components/favicon-arrow-down.ico"" alt=""Decreased"">"
"NYISO ZONE G DA OFF-PK - ICE FUTURES ENERGY DIV","20170808",-3585,-365,"<img border=""0"" src=""https://raw.githubusercontent.com/am-consulting/am-consulting.github.io/master/components/favicon-arrow-down.ico"" alt=""Decreased"">"
"NYISO ZONE C DA OFF-PK - ICE FUTURES ENERGY DIV","20170801",-210,0,"-"
"PALO VERDE DA PEAK - ICE FUTURES ENERGY DIV","20170808",-3900,0,"-"
"PJM BGE ZONE DAY AHEAD OFF PEAK MONTHLY - ICE FUTURES ENERGY DIV","20170808",625,55,"<img border=""0"" src=""https://raw.githubusercontent.com/am-consulting/am-consulting.github.io/master/components/favicon-arrow-up.ico"" alt=""Increased"">"
"PJM BGE ZONE DAY AHEAD, PEAK MONTHLY - ICE FUTURES ENERGY DIV","20170808",300,65,"<img border=""0"" src=""https://raw.githubusercontent.com/am-consulting/am-consulting.github.io/master/components/favicon-arrow-up.ico"" alt=""Increased"">"
"PJM JCPL ZONE DAY-AHEAD PEAK - ICE FUTURES ENERGY DIV","20170808",15,10,"<img border=""0"" src=""https://raw.githubusercontent.com/am-consulting/am-consulting.github.io/master/components/favicon-arrow-up.ico"" alt=""Increased"">"
"PJM PECO ZONE DA PEAK - ICE FUTURES ENERGY DIV","20170808",960,-40,"<img border=""0"" src=""https://raw.githubusercontent.com/am-consulting/am-consulting.github.io/master/components/favicon-arrow-down.ico"" alt=""Decreased"">"
"PJM PECO ZONE OFF-PEAK MONTHLY - ICE FUTURES ENERGY DIV","20170808",985,-65,"<img border=""0"" src=""https://raw.githubusercontent.com/am-consulting/am-consulting.github.io/master/components/favicon-arrow-down.ico"" alt=""Decreased"">"
"PJM PEPCO DA PEAK - ICE FUTURES ENERGY DIV","20170808",-400,75,"<img border=""0"" src=""https://raw.githubusercontent.com/am-consulting/am-consulting.github.io/master/components/favicon-arrow-up.ico"" alt=""Increased"">"
"PJM PPL ZONE DAY AHEAD, OFF-PEAK MONTHLY - ICE FUTURES ENERGY DIV","20170808",557,-172,"<img border=""0"" src=""https://raw.githubusercontent.com/am-consulting/am-consulting.github.io/master/components/favicon-arrow-down.ico"" alt=""Decreased"">"
"PJM PPL ZONE DA PEAK - ICE FUTURES ENERGY DIV","20170808",656,-195,"<img border=""0"" src=""https://raw.githubusercontent.com/am-consulting/am-consulting.github.io/master/components/favicon-arrow-down.ico"" alt=""Decreased"">"
"PJM WESTERN HUB DA OFF-PK - ICE FUTURES ENERGY DIV","20170808",-7572,360,"<img border=""0"" src=""https://raw.githubusercontent.com/am-consulting/am-consulting.github.io/master/components/favicon-arrow-up.ico"" alt=""Increased"">"
"PJM WESTERN HUB DA PEAK - ICE FUTURES ENERGY DIV","20170808",-8562,4280,"<img border=""0"" src=""https://raw.githubusercontent.com/am-consulting/am-consulting.github.io/master/components/favicon-arrow-up.ico"" alt=""Increased"">"
"PJM WESTERN HUB RT PEAK MINI - ICE FUTURES ENERGY DIV","20170808",-503,8201,"<img border=""0"" src=""https://raw.githubusercontent.com/am-consulting/am-consulting.github.io/master/components/favicon-arrow-up.ico"" alt=""Increased"">"
"PJM PSEG DAY-AHEAD PEAK - ICE FUTURES ENERGY DIV","20170808",1595,100,"<img border=""0"" src=""https://raw.githubusercontent.com/am-consulting/am-consulting.github.io/master/components/favicon-arrow-up.ico"" alt=""Increased"">"
"PJM PSEG ZONE DAY-AHEAD OFF-PEAK - ICE FUTURES ENERGY DIV","20170808",1070,60,"<img border=""0"" src=""https://raw.githubusercontent.com/am-consulting/am-consulting.github.io/master/components/favicon-arrow-up.ico"" alt=""Increased"">"
"PJM WESTERN PEAK REAL TIME - NEW YORK MERCANTILE EXCHANGE","20170808",19974,2550,"<img border=""0"" src=""https://raw.githubusercontent.com/am-consulting/am-consulting.github.io/master/components/favicon-arrow-up.ico"" alt=""Increased"">"
"ISONE..H.INTERNAL_HUB_month_on_dap - NODAL EXCHANGE","20170808",0,0,"-"
"ISONE..H.INTERNAL_HUB_month_off_dap - NODAL EXCHANGE","20170808",0,0,"-"
"PJM.AEP-DAYTON HUB_month_on_dap - NODAL EXCHANGE","20170808",-1000,100,"<img border=""0"" src=""https://raw.githubusercontent.com/am-consulting/am-consulting.github.io/master/components/favicon-arrow-up.ico"" alt=""Increased"">"
"PJM.AEP-DAYTON HUB_month_off_dap - NODAL EXCHANGE","20170808",-1000,100,"<img border=""0"" src=""https://raw.githubusercontent.com/am-consulting/am-consulting.github.io/master/components/favicon-arrow-up.ico"" alt=""Increased"">"
"PJM.BGE_month_on_dap - NODAL EXCHANGE","20170808",-14265,1335,"<img border=""0"" src=""https://raw.githubusercontent.com/am-consulting/am-consulting.github.io/master/components/favicon-arrow-up.ico"" alt=""Increased"">"
"PJM.BGE_month_off_dap - NODAL EXCHANGE","20170808",-12010,935,"<img border=""0"" src=""https://raw.githubusercontent.com/am-consulting/am-consulting.github.io/master/components/favicon-arrow-up.ico"" alt=""Increased"">"
"PJM.PECO_month_on_dap - NODAL EXCHANGE","20170808",-755,140,"<img border=""0"" src=""https://raw.githubusercontent.com/am-consulting/am-consulting.github.io/master/components/favicon-arrow-up.ico"" alt=""Increased"">"
"PJM.PECO_month_off_dap - NODAL EXCHANGE","20170808",-805,-35,"<img border=""0"" src=""https://raw.githubusercontent.com/am-consulting/am-consulting.github.io/master/components/favicon-arrow-down.ico"" alt=""Decreased"">"
"PJM.PEPCO_month_on_dap - NODAL EXCHANGE","20170808",-9015,730,"<img border=""0"" src=""https://raw.githubusercontent.com/am-consulting/am-consulting.github.io/master/components/favicon-arrow-up.ico"" alt=""Increased"">"
"PJM.PEPCO_month_off_dap - NODAL EXCHANGE","20170808",-8130,655,"<img border=""0"" src=""https://raw.githubusercontent.com/am-consulting/am-consulting.github.io/master/components/favicon-arrow-up.ico"" alt=""Increased"">"
"PJM.PPL_month_on_dap - NODAL EXCHANGE","20170808",325,-575,"<img border=""0"" src=""https://raw.githubusercontent.com/am-consulting/am-consulting.github.io/master/components/favicon-arrow-down.ico"" alt=""Decreased"">"
"PJM.PPL_month_off_dap - NODAL EXCHANGE","20170808",325,-410,"<img border=""0"" src=""https://raw.githubusercontent.com/am-consulting/am-consulting.github.io/master/components/favicon-arrow-down.ico"" alt=""Decreased"">"
"PJM.PSEG_month_on_dap - NODAL EXCHANGE","20170808",8100,-520,"<img border=""0"" src=""https://raw.githubusercontent.com/am-consulting/am-consulting.github.io/master/components/favicon-arrow-down.ico"" alt=""Decreased"">"
"PJM.PSEG_month_off_dap - NODAL EXCHANGE","20170808",3730,30,"<img border=""0"" src=""https://raw.githubusercontent.com/am-consulting/am-consulting.github.io/master/components/favicon-arrow-up.ico"" alt=""Increased"">"
"PJM.WESTERN HUB_month_on_dap - NODAL EXCHANGE","20170808",15745,-1025,"<img border=""0"" src=""https://raw.githubusercontent.com/am-consulting/am-consulting.github.io/master/components/favicon-arrow-down.ico"" alt=""Decreased"">"
"PJM.WESTERN HUB_month_off_dap - NODAL EXCHANGE","20170808",16415,-940,"<img border=""0"" src=""https://raw.githubusercontent.com/am-consulting/am-consulting.github.io/master/components/favicon-arrow-down.ico"" alt=""Decreased"">"
"PJM.AEP-DAYTON HUB_month_on_rtp - NODAL EXCHANGE","20170808",-150,-100,"<img border=""0"" src=""https://raw.githubusercontent.com/am-consulting/am-consulting.github.io/master/components/favicon-arrow-down.ico"" alt=""Decreased"">"
"PJM.AEP-DAYTON HUB_month_off_rtp - NODAL EXCHANGE","20170808",2325,-200,"<img border=""0"" src=""https://raw.githubusercontent.com/am-consulting/am-consulting.github.io/master/components/favicon-arrow-down.ico"" alt=""Decreased"">"
"PJM.N ILLINOIS HUB_month_on_rtp - NODAL EXCHANGE","20170808",4350,250,"<img border=""0"" src=""https://raw.githubusercontent.com/am-consulting/am-consulting.github.io/master/components/favicon-arrow-up.ico"" alt=""Increased"">"
"PJM.WESTERN HUB_month_on_rtp - NODAL EXCHANGE","20170808",-3800,125,"<img border=""0"" src=""https://raw.githubusercontent.com/am-consulting/am-consulting.github.io/master/components/favicon-arrow-up.ico"" alt=""Increased"">"
"PJM.WESTERN HUB_month_off_rtp - NODAL EXCHANGE","20170808",-1475,175,"<img border=""0"" src=""https://raw.githubusercontent.com/am-consulting/am-consulting.github.io/master/components/favicon-arrow-up.ico"" alt=""Increased"">"
"PROPANE NON-LDH MT BEL SWAP - NEW YORK MERCANTILE EXCHANGE","20170808",-1189,100,"<img border=""0"" src=""https://raw.githubusercontent.com/am-consulting/am-consulting.github.io/master/components/favicon-arrow-up.ico"" alt=""Increased"">"
"MT BELVIEU LDH PROPANE (OPIS) - NEW YORK MERCANTILE EXCHANGE","20170808",7589,-1,"<img border=""0"" src=""https://raw.githubusercontent.com/am-consulting/am-consulting.github.io/master/components/favicon-arrow-down.ico"" alt=""Decreased"">"
"MT BELVIEU ETHANE OPIS - NEW YORK MERCANTILE EXCHANGE","20170808",11350,360,"<img border=""0"" src=""https://raw.githubusercontent.com/am-consulting/am-consulting.github.io/master/components/favicon-arrow-up.ico"" alt=""Increased"">"
"MT BELV NORM BUTANE OPIS - NEW YORK MERCANTILE EXCHANGE","20170808",-169,563,"<img border=""0"" src=""https://raw.githubusercontent.com/am-consulting/am-consulting.github.io/master/components/favicon-arrow-up.ico"" alt=""Increased"">"
"MT BELV NAT GASOLINE OPIS SWAP - NEW YORK MERCANTILE EXCHANGE","20170808",800,10,"<img border=""0"" src=""https://raw.githubusercontent.com/am-consulting/am-consulting.github.io/master/components/favicon-arrow-up.ico"" alt=""Increased"">"
"CONWAY PROPANE (OPIS) - NEW YORK MERCANTILE EXCHANGE","20170808",-361,-284,"<img border=""0"" src=""https://raw.githubusercontent.com/am-consulting/am-consulting.github.io/master/components/favicon-arrow-down.ico"" alt=""Decreased"">"
"CRUDE OIL, LIGHT SWEET-WTI - ICE FUTURES EUROPE","20170808",-5384,-16628,"<img border=""0"" src=""https://raw.githubusercontent.com/am-consulting/am-consulting.github.io/master/components/favicon-arrow-down.ico"" alt=""Decreased"">"
"CRUDE OIL, LIGHT SWEET - NEW YORK MERCANTILE EXCHANGE","20170808",480629,-6136,"<img border=""0"" src=""https://raw.githubusercontent.com/am-consulting/am-consulting.github.io/master/components/favicon-arrow-down.ico"" alt=""Decreased"">"
"WTI CRUDE OIL CALENDAR SWAP - NEW YORK MERCANTILE EXCHANGE","20170808",34852,1012,"<img border=""0"" src=""https://raw.githubusercontent.com/am-consulting/am-consulting.github.io/master/components/favicon-arrow-up.ico"" alt=""Increased"">"
"BRENT CRUDE OIL LAST DAY - NEW YORK MERCANTILE EXCHANGE","20170808",-31315,-606,"<img border=""0"" src=""https://raw.githubusercontent.com/am-consulting/am-consulting.github.io/master/components/favicon-arrow-down.ico"" alt=""Decreased"">"
"CANADIAN HVY CRUDE NET ENRGY - NEW YORK MERCANTILE EXCHANGE","20170808",120,0,"-"
"WCS OIL NET ENERGY MONTHLY IND - NEW YORK MERCANTILE EXCHANGE","20170808",2955,90,"<img border=""0"" src=""https://raw.githubusercontent.com/am-consulting/am-consulting.github.io/master/components/favicon-arrow-up.ico"" alt=""Increased"">"
"COCOA - ICE FUTURES U.S.","20170808",-21098,7519,"<img border=""0"" src=""https://raw.githubusercontent.com/am-consulting/am-consulting.github.io/master/components/favicon-arrow-up.ico"" alt=""Increased"">"
"PALLADIUM - NEW YORK MERCANTILE EXCHANGE","20170808",21266,531,"<img border=""0"" src=""https://raw.githubusercontent.com/am-consulting/am-consulting.github.io/master/components/favicon-arrow-up.ico"" alt=""Increased"">"
"PLATINUM - NEW YORK MERCANTILE EXCHANGE","20170808",24501,11689,"<img border=""0"" src=""https://raw.githubusercontent.com/am-consulting/am-consulting.github.io/master/components/favicon-arrow-up.ico"" alt=""Increased"">"
"SUGAR NO. 11 - ICE FUTURES U.S.","20170808",-25352,381,"<img border=""0"" src=""https://raw.githubusercontent.com/am-consulting/am-consulting.github.io/master/components/favicon-arrow-up.ico"" alt=""Increased"">"
"COFFEE C - ICE FUTURES U.S.","20170808",-174,6538,"<img border=""0"" src=""https://raw.githubusercontent.com/am-consulting/am-consulting.github.io/master/components/favicon-arrow-up.ico"" alt=""Increased"">"
"SILVER - COMMODITY EXCHANGE INC.","20170808",33864,3105,"<img border=""0"" src=""https://raw.githubusercontent.com/am-consulting/am-consulting.github.io/master/components/favicon-arrow-up.ico"" alt=""Increased"">"
"COPPER-GRADE #1 - COMMODITY EXCHANGE INC.","20170808",33136,1921,"<img border=""0"" src=""https://raw.githubusercontent.com/am-consulting/am-consulting.github.io/master/components/favicon-arrow-up.ico"" alt=""Increased"">"
"GOLD - COMMODITY EXCHANGE INC.","20170808",148837,19165,"<img border=""0"" src=""https://raw.githubusercontent.com/am-consulting/am-consulting.github.io/master/components/favicon-arrow-up.ico"" alt=""Increased"">"
"RUSSIAN RUBLE - CHICAGO MERCANTILE EXCHANGE","20170808",-5798,-1027,"<img border=""0"" src=""https://raw.githubusercontent.com/am-consulting/am-consulting.github.io/master/components/favicon-arrow-down.ico"" alt=""Decreased"">"
"CANADIAN DOLLAR - CHICAGO MERCANTILE EXCHANGE","20170808",62821,22183,"<img border=""0"" src=""https://raw.githubusercontent.com/am-consulting/am-consulting.github.io/master/components/favicon-arrow-up.ico"" alt=""Increased"">"
"SWISS FRANC - CHICAGO MERCANTILE EXCHANGE","20170808",-1402,-2842,"<img border=""0"" src=""https://raw.githubusercontent.com/am-consulting/am-consulting.github.io/master/components/favicon-arrow-down.ico"" alt=""Decreased"">"
"MEXICAN PESO - CHICAGO MERCANTILE EXCHANGE","20170808",106437,-7112,"<img border=""0"" src=""https://raw.githubusercontent.com/am-consulting/am-consulting.github.io/master/components/favicon-arrow-down.ico"" alt=""Decreased"">"
"BRITISH POUND STERLING - CHICAGO MERCANTILE EXCHANGE","20170808",-25160,4292,"<img border=""0"" src=""https://raw.githubusercontent.com/am-consulting/am-consulting.github.io/master/components/favicon-arrow-up.ico"" alt=""Increased"">"
"JAPANESE YEN - CHICAGO MERCANTILE EXCHANGE","20170808",-95813,16383,"<img border=""0"" src=""https://raw.githubusercontent.com/am-consulting/am-consulting.github.io/master/components/favicon-arrow-up.ico"" alt=""Increased"">"
"U.S. DOLLAR INDEX - ICE FUTURES U.S.","20170808",-2684,-1117,"<img border=""0"" src=""https://raw.githubusercontent.com/am-consulting/am-consulting.github.io/master/components/favicon-arrow-down.ico"" alt=""Decreased"">"
"EURO FX - CHICAGO MERCANTILE EXCHANGE","20170808",93685,11048,"<img border=""0"" src=""https://raw.githubusercontent.com/am-consulting/am-consulting.github.io/master/components/favicon-arrow-up.ico"" alt=""Increased"">"
"BRAZILIAN REAL - CHICAGO MERCANTILE EXCHANGE","20170808",11639,5794,"<img border=""0"" src=""https://raw.githubusercontent.com/am-consulting/am-consulting.github.io/master/components/favicon-arrow-up.ico"" alt=""Increased"">"
"GASOLINE BLENDSTOCK (RBOB) - NEW YORK MERCANTILE EXCHANGE","20170808",65920,2662,"<img border=""0"" src=""https://raw.githubusercontent.com/am-consulting/am-consulting.github.io/master/components/favicon-arrow-up.ico"" alt=""Increased"">"
"RBOB CALENDAR SWAP - NEW YORK MERCANTILE EXCHANGE","20170808",2581,515,"<img border=""0"" src=""https://raw.githubusercontent.com/am-consulting/am-consulting.github.io/master/components/favicon-arrow-up.ico"" alt=""Increased"">"
"GULF COAST UNL 87 GAS M2 PL RB - NEW YORK MERCANTILE EXCHANGE","20170808",1150,175,"<img border=""0"" src=""https://raw.githubusercontent.com/am-consulting/am-consulting.github.io/master/components/favicon-arrow-up.ico"" alt=""Increased"">"
"NEW ZEALAND DOLLAR - CHICAGO MERCANTILE EXCHANGE","20170808",33485,-1453,"<img border=""0"" src=""https://raw.githubusercontent.com/am-consulting/am-consulting.github.io/master/components/favicon-arrow-down.ico"" alt=""Decreased"">"
"VIX FUTURES - CBOE FUTURES EXCHANGE","20170808",-155041,3073,"<img border=""0"" src=""https://raw.githubusercontent.com/am-consulting/am-consulting.github.io/master/components/favicon-arrow-up.ico"" alt=""Increased"">"
"SOUTH AFRICAN RAND - CHICAGO MERCANTILE EXCHANGE","20170808",7906,-638,"<img border=""0"" src=""https://raw.githubusercontent.com/am-consulting/am-consulting.github.io/master/components/favicon-arrow-down.ico"" alt=""Decreased"">"
"DJIA Consolidated - CHICAGO BOARD OF TRADE","20170808",36067,3070,"<img border=""0"" src=""https://raw.githubusercontent.com/am-consulting/am-consulting.github.io/master/components/favicon-arrow-up.ico"" alt=""Increased"">"
"DOW JONES INDUSTRIAL AVG- x $5 - CHICAGO BOARD OF TRADE","20170808",72133,6140,"<img border=""0"" src=""https://raw.githubusercontent.com/am-consulting/am-consulting.github.io/master/components/favicon-arrow-up.ico"" alt=""Increased"">"
"3-MONTH EURODOLLARS - CHICAGO MERCANTILE EXCHANGE","20170808",-1580603,-46312,"<img border=""0"" src=""https://raw.githubusercontent.com/am-consulting/am-consulting.github.io/master/components/favicon-arrow-down.ico"" alt=""Decreased"">"
"S&P 500 Consolidated - CHICAGO MERCANTILE EXCHANGE","20170808",15262,-255,"<img border=""0"" src=""https://raw.githubusercontent.com/am-consulting/am-consulting.github.io/master/components/favicon-arrow-down.ico"" alt=""Decreased"">"
"S&P 500 STOCK INDEX - CHICAGO MERCANTILE EXCHANGE","20170808",-132,259,"<img border=""0"" src=""https://raw.githubusercontent.com/am-consulting/am-consulting.github.io/master/components/favicon-arrow-up.ico"" alt=""Increased"">"
"E-MINI S&P 500 STOCK INDEX - CHICAGO MERCANTILE EXCHANGE","20170808",76972,-2565,"<img border=""0"" src=""https://raw.githubusercontent.com/am-consulting/am-consulting.github.io/master/components/favicon-arrow-down.ico"" alt=""Decreased"">"
"E-MINI S&P FINANCIAL INDEX - CHICAGO MERCANTILE EXCHANGE","20170808",11639,992,"<img border=""0"" src=""https://raw.githubusercontent.com/am-consulting/am-consulting.github.io/master/components/favicon-arrow-up.ico"" alt=""Increased"">"
"E-MINI S&P HEALTH CARE INDEX - CHICAGO MERCANTILE EXCHANGE","20170801",4078,-3581,"<img border=""0"" src=""https://raw.githubusercontent.com/am-consulting/am-consulting.github.io/master/components/favicon-arrow-down.ico"" alt=""Decreased"">"
"E-MINI S&P UTILITIES INDEX - CHICAGO MERCANTILE EXCHANGE","20170808",-1383,219,"<img border=""0"" src=""https://raw.githubusercontent.com/am-consulting/am-consulting.github.io/master/components/favicon-arrow-up.ico"" alt=""Increased"">"
"ALUMINUM MW US TR PLATTS SWAP - COMMODITY EXCHANGE INC.","20170808",4593,79,"<img border=""0"" src=""https://raw.githubusercontent.com/am-consulting/am-consulting.github.io/master/components/favicon-arrow-up.ico"" alt=""Increased"">"
"HOT ROLLED COIL STEEL - NEW YORK MERCANTILE EXCHANGE","20170808",-1777,1426,"<img border=""0"" src=""https://raw.githubusercontent.com/am-consulting/am-consulting.github.io/master/components/favicon-arrow-up.ico"" alt=""Increased"">"
"IRON ORE 62% FE, CFR CHINA TSI - NEW YORK MERCANTILE EXCHANGE","20170808",619,1354,"<img border=""0"" src=""https://raw.githubusercontent.com/am-consulting/am-consulting.github.io/master/components/favicon-arrow-up.ico"" alt=""Increased"">"
"NASDAQ-100 Consolidated - CHICAGO MERCANTILE EXCHANGE","20170808",8599,-2558,"<img border=""0"" src=""https://raw.githubusercontent.com/am-consulting/am-consulting.github.io/master/components/favicon-arrow-down.ico"" alt=""Decreased"">"
"NASDAQ-100 STOCK INDEX (MINI) - CHICAGO MERCANTILE EXCHANGE","20170808",42998,-12789,"<img border=""0"" src=""https://raw.githubusercontent.com/am-consulting/am-consulting.github.io/master/components/favicon-arrow-down.ico"" alt=""Decreased"">"
"BLOOMBERG COMMODITY INDEX - CHICAGO BOARD OF TRADE","20170808",-15408,-257,"<img border=""0"" src=""https://raw.githubusercontent.com/am-consulting/am-consulting.github.io/master/components/favicon-arrow-down.ico"" alt=""Decreased"">"
"AUSTRALIAN DOLLAR - CHICAGO MERCANTILE EXCHANGE","20170808",58010,-2703,"<img border=""0"" src=""https://raw.githubusercontent.com/am-consulting/am-consulting.github.io/master/components/favicon-arrow-down.ico"" alt=""Decreased"">"
"RUSSELL 2000 MINI INDEX FUTURE - ICE FUTURES U.S.","20170808",-49629,-6178,"<img border=""0"" src=""https://raw.githubusercontent.com/am-consulting/am-consulting.github.io/master/components/favicon-arrow-down.ico"" alt=""Decreased"">"
"NIKKEI STOCK AVERAGE - CHICAGO MERCANTILE EXCHANGE","20170808",7318,1082,"<img border=""0"" src=""https://raw.githubusercontent.com/am-consulting/am-consulting.github.io/master/components/favicon-arrow-up.ico"" alt=""Increased"">"
"NIKKEI STOCK AVERAGE YEN DENOM - CHICAGO MERCANTILE EXCHANGE","20170808",12980,-697,"<img border=""0"" src=""https://raw.githubusercontent.com/am-consulting/am-consulting.github.io/master/components/favicon-arrow-down.ico"" alt=""Decreased"">"
"MSCI EAFE MINI INDEX - ICE FUTURES U.S.","20170808",15635,2819,"<img border=""0"" src=""https://raw.githubusercontent.com/am-consulting/am-consulting.github.io/master/components/favicon-arrow-up.ico"" alt=""Increased"">"
"MSCI EMERGING MKTS MINI INDEX - ICE FUTURES U.S.","20170808",238536,-6998,"<img border=""0"" src=""https://raw.githubusercontent.com/am-consulting/am-consulting.github.io/master/components/favicon-arrow-down.ico"" alt=""Decreased"">"
"10 YEAR DELIVERABLE IR SWAP - CHICAGO BOARD OF TRADE","20170808",16110,1105,"<img border=""0"" src=""https://raw.githubusercontent.com/am-consulting/am-consulting.github.io/master/components/favicon-arrow-up.ico"" alt=""Increased"">"
"5 YEAR DELIVERABLE IR SWAP - CHICAGO BOARD OF TRADE","20170808",6965,-496,"<img border=""0"" src=""https://raw.githubusercontent.com/am-consulting/am-consulting.github.io/master/components/favicon-arrow-down.ico"" alt=""Decreased"">"
"S&P GSCI COMMODITY INDEX - CHICAGO MERCANTILE EXCHANGE","20170808",1794,-54,"<img border=""0"" src=""https://raw.githubusercontent.com/am-consulting/am-consulting.github.io/master/components/favicon-arrow-down.ico"" alt=""Decreased"">"
"E-MINI S&P 400 STOCK INDEX - CHICAGO MERCANTILE EXCHANGE","20170808",21077,332,"<img border=""0"" src=""https://raw.githubusercontent.com/am-consulting/am-consulting.github.io/master/components/favicon-arrow-up.ico"" alt=""Increased"">"
"EURO FX/JAPANESE YEN XRATE - CHICAGO MERCANTILE EXCHANGE","20170808",8618,7,"<img border=""0"" src=""https://raw.githubusercontent.com/am-consulting/am-consulting.github.io/master/components/favicon-arrow-up.ico"" alt=""Increased"">"
"S&P 500 ANNUAL DIVIDEND INDEX - CHICAGO MERCANTILE EXCHANGE","20170808",-8135,2300,"<img border=""0"" src=""https://raw.githubusercontent.com/am-consulting/am-consulting.github.io/master/components/favicon-arrow-up.ico"" alt=""Increased"">"
"GULF JET NY HEAT OIL SPR SWAP - NEW YORK MERCANTILE EXCHANGE","20170808",1042,-3,"<img border=""0"" src=""https://raw.githubusercontent.com/am-consulting/am-consulting.github.io/master/components/favicon-arrow-down.ico"" alt=""Decreased"">"
"SING JET KERO GASOIL SPR SWAP - NEW YORK MERCANTILE EXCHANGE","20170808",-925,80,"<img border=""0"" src=""https://raw.githubusercontent.com/am-consulting/am-consulting.github.io/master/components/favicon-arrow-up.ico"" alt=""Increased"">"
"3.5% FUEL OIL RDAM CRACK SPR - NEW YORK MERCANTILE EXCHANGE","20170808",-1193,-300,"<img border=""0"" src=""https://raw.githubusercontent.com/am-consulting/am-consulting.github.io/master/components/favicon-arrow-down.ico"" alt=""Decreased"">"
"RTD 3.5% FUEL OIL CRK SPD SWP - NEW YORK MERCANTILE EXCHANGE","20170808",-951,-27,"<img border=""0"" src=""https://raw.githubusercontent.com/am-consulting/am-consulting.github.io/master/components/favicon-arrow-down.ico"" alt=""Decreased"">"
"GULF#6 FUELOIL BRENT CRACK SWP - NEW YORK MERCANTILE EXCHANGE","20170801",-95,25,"<img border=""0"" src=""https://raw.githubusercontent.com/am-consulting/am-consulting.github.io/master/components/favicon-arrow-up.ico"" alt=""Increased"">"
"NAPHTHA CRACK SPR SWAP - NEW YORK MERCANTILE EXCHANGE","20170808",-933,-426,"<img border=""0"" src=""https://raw.githubusercontent.com/am-consulting/am-consulting.github.io/master/components/favicon-arrow-down.ico"" alt=""Decreased"">"
"MINI JAPAN C&F NAPHTHA SWAP FU - NEW YORK MERCANTILE EXCHANGE","20170808",49,-152,"<img border=""0"" src=""https://raw.githubusercontent.com/am-consulting/am-consulting.github.io/master/components/favicon-arrow-down.ico"" alt=""Decreased"">"
"EUROBOB OXY NWE CRK SPR - NEW YORK MERCANTILE EXCHANGE","20170808",-3738,1039,"<img border=""0"" src=""https://raw.githubusercontent.com/am-consulting/am-consulting.github.io/master/components/favicon-arrow-up.ico"" alt=""Increased"">"
